gbifID,datasetKey,occurrenceID,kingdom,phylum,class,order,family,genus,species,infraspecificEpithet,taxonRank,scientificName,verbatimScientificName,verbatimScientificNameAuthorship,countryCode,locality,stateProvince,occurrenceStatus,individualCount,publishingOrgKey,decimalLatitude,decimalLongitude,coordinateUncertaintyInMeters,coordinatePrecision,elevation,elevationAccuracy,depth,depthAccuracy,eventDate,day,month,year,taxonKey,speciesKey,basisOfRecord,institutionCode,collectionCode,catalogNumber,recordNumber,identifiedBy,dateIdentified,license,rightsHolder,recordedBy,typeStatus,establishmentMeans,lastInterpreted,mediaType,issue,ID_ntb,dataID
3873638826,50c9509d-22c7-4a22-a47d-8c48425ef4a7,https://www.inaturalist.org/observations/125085987,Animalia,Chordata,Squamata,,Anguidae,Abronia,Abronia graminea,,SPECIES,"Abronia graminea (Cope, 1864)",Abronia graminea,"",MX,"",Puebla,PRESENT,,28eb1a3f-1c15-4a95-931a-4af90ecb574d,19.807644,-97.68357,30527,,,,,,2014-01-13T15:36:00Z,13,1,2014,5226604,5226604,HUMAN_OBSERVATION,iNaturalist,Observations,125085987,"",Masked Lynx,2022-07-07T00:13:34Z,CC_BY_NC_4_0,mitch_mellado,mitch_mellado,,"",2022-11-25T06:08:14Z,StillImage,COORDINATE_ROUNDED,12,ID: 12
3113541757,50c9509d-22c7-4a22-a47d-8c48425ef4a7,https://www.inaturalist.org/observations/77809150,Animalia,Chordata,Squamata,,Anguidae,Abronia,Abronia graminea,,SPECIES,"Abronia graminea (Cope, 1864)",Abronia graminea,"",MX,"",Puebla,PRESENT,,28eb1a3f-1c15-4a95-931a-4af90ecb574d,19.965227,-98.177735,30527,,,,,,2014-08-23T13:48:00Z,23,8,2014,5226604,5226604,HUMAN_OBSERVATION,iNaturalist,Observations,77809150,"",Eric Centenero Alcalá,2021-05-07T21:51:31Z,CC_BY_NC_4_0,Eric Centenero Alcalá,Eric Centenero Alcalá,,"",2022-11-25T05:14:47Z,"",COORDINATE_ROUNDED,108,ID: 108
3113537772,50c9509d-22c7-4a22-a47d-8c48425ef4a7,https://www.inaturalist.org/observations/77809154,Animalia,Chordata,Squamata,,Anguidae,Abronia,Abronia graminea,,SPECIES,"Abronia graminea (Cope, 1864)",Abronia graminea,"",MX,"",Puebla,PRESENT,,28eb1a3f-1c15-4a95-931a-4af90ecb574d,19.870055,-98.137534,30527,,,,,,2014-08-24T16:56:00Z,24,8,2014,5226604,5226604,HUMAN_OBSERVATION,iNaturalist,Observations,77809154,"",Eric Centenero Alcalá,2021-05-07T21:51:32Z,CC_BY_NC_4_0,Eric Centenero Alcalá,Eric Centenero Alcalá,,"",2022-11-25T05:55:49Z,"",COORDINATE_ROUNDED,109,ID: 109
3113530789,50c9509d-22c7-4a22-a47d-8c48425ef4a7,https://www.inaturalist.org/observations/77809156,Animalia,Chordata,Squamata,,Anguidae,Abronia,Abronia graminea,,SPECIES,"Abronia graminea (Cope, 1864)",Abronia graminea,"",MX,"",Puebla,PRESENT,,28eb1a3f-1c15-4a95-931a-4af90ecb574d,19.896683,-98.070422,30527,,,,,,2014-08-26T10:59:00Z,26,8,2014,5226604,5226604,HUMAN_OBSERVATION,iNaturalist,Observations,77809156,"",Eric Centenero Alcalá,2021-05-07T21:51:33Z,CC_BY_NC_4_0,Eric Centenero Alcalá,Eric Centenero Alcalá,,"",2022-11-25T05:55:19Z,"",COORDINATE_ROUNDED,110,ID: 110
3113518790,50c9509d-22c7-4a22-a47d-8c48425ef4a7,https://www.inaturalist.org/observations/77809152,Animalia,Chordata,Squamata,,Anguidae,Abronia,Abronia graminea,,SPECIES,"Abronia graminea (Cope, 1864)",Abronia graminea,"",MX,"",Puebla,PRESENT,,28eb1a3f-1c15-4a95-931a-4af90ecb574d,19.868607,-98.130025,30527,,,,,,2014-08-23T15:40:00Z,23,8,2014,5226604,5226604,HUMAN_OBSERVATION,iNaturalist,Observations,77809152,"",Eric Centenero Alcalá,2021-05-07T21:51:31Z,CC_BY_NC_4_0,Eric Centenero Alcalá,Eric Centenero Alcalá,,"",2022-11-25T05:55:23Z,"",COORDINATE_ROUNDED,111,ID: 111
3113507802,50c9509d-22c7-4a22-a47d-8c48425ef4a7,https://www.inaturalist.org/observations/77809151,Animalia,Chordata,Squamata,,Anguidae,Abronia,Abronia graminea,,SPECIES,"Abronia graminea (Cope, 1864)",Abronia graminea,"",MX,"",Puebla,PRESENT,,28eb1a3f-1c15-4a95-931a-4af90ecb574d,19.844499,-98.148939,30527,,,,,,2014-08-23T15:50:00Z,23,8,2014,5226604,5226604,HUMAN_OBSERVATION,iNaturalist,Observations,77809151,"",Eric Centenero Alcalá,2021-05-07T21:51:31Z,CC_BY_NC_4_0,Eric Centenero Alcalá,Eric Centenero Alcalá,,"",2022-11-25T05:10:51Z,"",COORDINATE_ROUNDED,112,ID: 112
3113461794,50c9509d-22c7-4a22-a47d-8c48425ef4a7,https://www.inaturalist.org/observations/77809140,Animalia,Chordata,Squamata,,Anguidae,Abronia,Abronia graminea,,SPECIES,"Abronia graminea (Cope, 1864)",Abronia graminea,"",MX,"",Puebla,PRESENT,,28eb1a3f-1c15-4a95-931a-4af90ecb574d,19.868783,-98.159088,30527,,,,,,2014-08-24T12:07:00Z,24,8,2014,5226604,5226604,HUMAN_OBSERVATION,iNaturalist,Observations,77809140,"",Eric Centenero Alcalá,2021-05-07T21:51:29Z,CC_BY_NC_4_0,Eric Centenero Alcalá,Eric Centenero Alcalá,,"",2022-11-25T05:15:29Z,"",COORDINATE_ROUNDED,113,ID: 113
3113456813,50c9509d-22c7-4a22-a47d-8c48425ef4a7,https://www.inaturalist.org/observations/77809138,Animalia,Chordata,Squamata,,Anguidae,Abronia,Abronia graminea,,SPECIES,"Abronia graminea (Cope, 1864)",Abronia graminea,"",MX,"",Puebla,PRESENT,,28eb1a3f-1c15-4a95-931a-4af90ecb574d,19.853752,-98.044624,30527,,,,,,2014-08-25T14:11:00Z,25,8,2014,5226604,5226604,HUMAN_OBSERVATION,iNaturalist,Observations,77809138,"",Eric Centenero Alcalá,2021-05-07T21:51:28Z,CC_BY_NC_4_0,Eric Centenero Alcalá,Eric Centenero Alcalá,,"",2022-11-25T05:10:46Z,"",COORDINATE_ROUNDED,114,ID: 114
3113450805,50c9509d-22c7-4a22-a47d-8c48425ef4a7,https://www.inaturalist.org/observations/77809141,Animalia,Chordata,Squamata,,Anguidae,Abronia,Abronia graminea,,SPECIES,"Abronia graminea (Cope, 1864)",Abronia graminea,"",MX,"",Puebla,PRESENT,,28eb1a3f-1c15-4a95-931a-4af90ecb574d,19.875031,-98.084537,30527,,,,,,2014-08-24T13:15:00Z,24,8,2014,5226604,5226604,HUMAN_OBSERVATION,iNaturalist,Observations,77809141,"",Eric Centenero Alcalá,2021-05-07T21:51:29Z,CC_BY_NC_4_0,Eric Centenero Alcalá,Eric Centenero Alcalá,,"",2022-11-25T05:11:06Z,"",COORDINATE_ROUNDED,115,ID: 115
3113444820,50c9509d-22c7-4a22-a47d-8c48425ef4a7,https://www.inaturalist.org/observations/77809148,Animalia,Chordata,Squamata,,Anguidae,Abronia,Abronia graminea,,SPECIES,"Abronia graminea (Cope, 1864)",Abronia graminea,"",MX,"",Puebla,PRESENT,,28eb1a3f-1c15-4a95-931a-4af90ecb574d,19.807467,-98.103586,30527,,,,,,2014-08-24T09:30:00Z,24,8,2014,5226604,5226604,HUMAN_OBSERVATION,iNaturalist,Observations,77809148,"",Eric Centenero Alcalá,2021-05-07T21:51:30Z,CC_BY_NC_4_0,Eric Centenero Alcalá,Eric Centenero Alcalá,,"",2022-11-25T05:15:15Z,"",COORDINATE_ROUNDED,116,ID: 116
3113432770,50c9509d-22c7-4a22-a47d-8c48425ef4a7,https://www.inaturalist.org/observations/77809142,Animalia,Chordata,Squamata,,Anguidae,Abronia,Abronia graminea,,SPECIES,"Abronia graminea (Cope, 1864)",Abronia graminea,"",MX,"",Puebla,PRESENT,,28eb1a3f-1c15-4a95-931a-4af90ecb574d,19.83385,-98.092444,30527,,,,,,2014-08-24T16:39:00Z,24,8,2014,5226604,5226604,HUMAN_OBSERVATION,iNaturalist,Observations,77809142,"",Eric Centenero Alcalá,2021-05-07T21:51:29Z,CC_BY_NC_4_0,Eric Centenero Alcalá,Eric Centenero Alcalá,,"",2022-11-25T05:55:18Z,"",COORDINATE_ROUNDED,117,ID: 117
3067802067,50c9509d-22c7-4a22-a47d-8c48425ef4a7,https://www.inaturalist.org/observations/71670228,Animalia,Chordata,Squamata,,Anguidae,Abronia,Abronia graminea,,SPECIES,"Abronia graminea (Cope, 1864)",Abronia graminea,"",MX,"",Puebla,PRESENT,,28eb1a3f-1c15-4a95-931a-4af90ecb574d,19.880874,-97.886375,30527,,,,,,2014-10-26T11:06:00Z,26,10,2014,5226604,5226604,HUMAN_OBSERVATION,iNaturalist,Observations,71670228,"",Eric Centenero Alcalá,2021-03-21T01:15:50Z,CC_BY_NC_4_0,Eric Centenero Alcalá,Eric Centenero Alcalá,,"",2022-11-25T05:53:57Z,"",COORDINATE_ROUNDED,121,ID: 121
2868091650,50c9509d-22c7-4a22-a47d-8c48425ef4a7,https://www.inaturalist.org/observations/60026417,Animalia,Chordata,Squamata,,Anguidae,Abronia,Abronia graminea,,SPECIES,"Abronia graminea (Cope, 1864)",Abronia graminea,"",MX,"",Puebla,PRESENT,,28eb1a3f-1c15-4a95-931a-4af90ecb574d,19.943847,-97.959797,30527,,,,,,2015-10-24T23:24:00Z,24,10,2015,5226604,5226604,HUMAN_OBSERVATION,iNaturalist,Observations,60026417,"",Miguel A. Chavez Caballero,2020-09-19T02:31:00Z,CC_BY_NC_4_0,Saúl Arias Corpuz,Saúl Arias Corpuz,,"",2022-11-25T05:51:42Z,StillImage,COORDINATE_ROUNDED,128,ID: 128
2629129787,63ed64cb-90b7-4ecc-b94c-3a0317742379,urn:catalog:ENCB-IPN:ENCB:786:7fb1a2edfe4ccba282f625dbd6e9acd2,Animalia,Chordata,Squamata,,Anguidae,Abronia,Abronia graminea,,SPECIES,"Abronia graminea (Cope, 1864)",Abronia graminea,"(Cope, 1864)",MX,Acultzingo,Veracruz de ignacio de la llave,PRESENT,1,ff90b050-c256-11db-b71b-b8a03c50a862,18.720301,-97.296898,,,0,0,0,0,1963-06-07T00:00:00Z,7,6,1963,5226604,5226604,PRESERVED_SPECIMEN,ENCB-IPN,ENCB,786,"",T. Alvarez; J. C. López V.,,CC_BY_4_0,Comisión Nacional para el Conocimiento y Uso de la Biodiversidad (CONABIO),J. Álvarez del Villar; A. Barrera M.,,"",2022-11-24T22:48:44Z,"",COORDINATE_ROUNDED;TYPE_STATUS_INVALID;OCCURRENCE_STATUS_INFERRED_FROM_INDIVIDUAL_COUNT;DIFFERENT_OWNER_INSTITUTION,143,ID: 143
2629121199,63ed64cb-90b7-4ecc-b94c-3a0317742379,urn:catalog:ENCB-IPN:ENCB:788:e3929cc86efe01caca10f61490375446,Animalia,Chordata,Squamata,,Anguidae,Abronia,Abronia graminea,,SPECIES,"Abronia graminea (Cope, 1864)",Abronia graminea,"(Cope, 1864)",MX,Acultzingo,Veracruz de ignacio de la llave,PRESENT,1,ff90b050-c256-11db-b71b-b8a03c50a862,18.720301,-97.296898,,,0,0,0,0,1963-06-07T00:00:00Z,7,6,1963,5226604,5226604,PRESERVED_SPECIMEN,ENCB-IPN,ENCB,788,"",T. Alvarez; J. C. López V.,,CC_BY_4_0,Comisión Nacional para el Conocimiento y Uso de la Biodiversidad (CONABIO),J. Álvarez del Villar; A. Barrera M.,,"",2022-11-24T22:48:42Z,"",COORDINATE_ROUNDED;TYPE_STATUS_INVALID;OCCURRENCE_STATUS_INFERRED_FROM_INDIVIDUAL_COUNT;DIFFERENT_OWNER_INSTITUTION,144,ID: 144
2629117344,63ed64cb-90b7-4ecc-b94c-3a0317742379,urn:catalog:ENCB-IPN:ENCB:787:e8094035860bb2576ed83e7d44cbea54,Animalia,Chordata,Squamata,,Anguidae,Abronia,Abronia graminea,,SPECIES,"Abronia graminea (Cope, 1864)",Abronia graminea,"(Cope, 1864)",MX,Acultzingo,Veracruz de ignacio de la llave,PRESENT,1,ff90b050-c256-11db-b71b-b8a03c50a862,18.720301,-97.296898,,,0,0,0,0,1963-06-07T00:00:00Z,7,6,1963,5226604,5226604,PRESERVED_SPECIMEN,ENCB-IPN,ENCB,787,"",T. Alvarez; J. C. López V.,,CC_BY_4_0,Comisión Nacional para el Conocimiento y Uso de la Biodiversidad (CONABIO),J. Álvarez del Villar; A. Barrera M.,,"",2022-11-24T22:48:38Z,"",COORDINATE_ROUNDED;TYPE_STATUS_INVALID;OCCURRENCE_STATUS_INFERRED_FROM_INDIVIDUAL_COUNT;DIFFERENT_OWNER_INSTITUTION,145,ID: 145
2265802171,50c9509d-22c7-4a22-a47d-8c48425ef4a7,https://www.inaturalist.org/observations/26213206,Animalia,Chordata,Squamata,,Anguidae,Abronia,Abronia graminea,,SPECIES,"Abronia graminea (Cope, 1864)",Abronia graminea,"",MX,"",Puebla,PRESENT,,28eb1a3f-1c15-4a95-931a-4af90ecb574d,19.945198,-97.974927,30527,,,,,,2016-10-14T15:48:46Z,14,10,2016,5226604,5226604,HUMAN_OBSERVATION,iNaturalist,Observations,26213206,"",Majo Monteverde Suarez,2019-06-01T23:24:37Z,CC_BY_NC_4_0,Majo Monteverde Suarez,Majo Monteverde Suarez,,"",2022-11-25T05:39:09Z,StillImage,COORDINATE_ROUNDED,149,ID: 149
2252008446,50c9509d-22c7-4a22-a47d-8c48425ef4a7,https://www.inaturalist.org/observations/26213097,Animalia,Chordata,Squamata,,Anguidae,Abronia,Abronia graminea,,SPECIES,"Abronia graminea (Cope, 1864)",Abronia graminea,"",MX,"",Puebla,PRESENT,,28eb1a3f-1c15-4a95-931a-4af90ecb574d,19.987068,-97.92196,30527,,,,,,2016-10-14T15:46:05Z,14,10,2016,5226604,5226604,HUMAN_OBSERVATION,iNaturalist,Observations,26213097,"",Majo Monteverde Suarez,2019-06-01T23:23:26Z,CC_BY_NC_4_0,Majo Monteverde Suarez,Majo Monteverde Suarez,,"",2022-11-25T04:55:17Z,StillImage,COORDINATE_ROUNDED,150,ID: 150
2244261972,50c9509d-22c7-4a22-a47d-8c48425ef4a7,https://www.inaturalist.org/observations/25377758,Animalia,Chordata,Squamata,,Anguidae,Abronia,Abronia graminea,,SPECIES,"Abronia graminea (Cope, 1864)",Abronia graminea,"",MX,"",Puebla,PRESENT,,28eb1a3f-1c15-4a95-931a-4af90ecb574d,19.979103,-98.005826,30527,,,,,,2015-12-30T13:30:36Z,30,12,2015,5226604,5226604,HUMAN_OBSERVATION,iNaturalist,Observations,25377758,"",Majo Monteverde Suarez,2019-05-19T13:05:06Z,CC_BY_NC_4_0,Majo Monteverde Suarez,Majo Monteverde Suarez,,"",2022-11-25T05:38:41Z,StillImage,COORDINATE_ROUNDED,154,ID: 154
1986589212,50c9509d-22c7-4a22-a47d-8c48425ef4a7,https://www.inaturalist.org/observations/19445941,Animalia,Chordata,Squamata,,Anguidae,Abronia,Abronia graminea,,SPECIES,"Abronia graminea (Cope, 1864)",Abronia graminea,"",MX,"",Veracruz,PRESENT,,28eb1a3f-1c15-4a95-931a-4af90ecb574d,18.703703,-97.327588,30632,,,,,,2008-06-07T00:00:00Z,7,6,2008,5226604,5226604,HUMAN_OBSERVATION,iNaturalist,Observations,19445941,"",Christian Langner,2019-01-05T18:24:06Z,CC_BY_NC_4_0,Christian Langner,Christian Langner,,"",2022-11-25T04:54:03Z,"",COORDINATE_ROUNDED,161,ID: 161
1895769269,7fee23ae-f762-11e1-a439-00145eb45e9a,urn:catalog:EB-BUAP:EBUAP:723:6bcb9c29d48b5392bfb48846c401b116,Animalia,Chordata,Squamata,,Anguidae,Abronia,Abronia graminea,,SPECIES,"Abronia graminea (Cope, 1864)",Abronia graminea,"(Cope, 1864)",MX,"APROX 8 KM AL SW DE ZOQUITLAN, CERCA DE LA DESVIACION A TEPEYOLO",Puebla,PRESENT,1,ff90b050-c256-11db-b71b-b8a03c50a862,18.3020694122765,-97.0536687136808,,,1342.5,1342.5,0,0,1996-06-20T00:00:00Z,20,6,1996,5226604,5226604,PRESERVED_SPECIMEN,EB-BUAP,EBUAP,723,"",LCM,,CC_BY_4_0,Comisión Nacional para el Conocimiento y Uso de la Biodiversidad (CONABIO),LCM,,"",2022-11-25T06:12:22Z,"",COORDINATE_ROUNDED;COORDINATE_REPROJECTED;ELEVATION_MIN_MAX_SWAPPED;TYPE_STATUS_INVALID;OCCURRENCE_STATUS_INFERRED_FROM_INDIVIDUAL_COUNT;INSTITUTION_MATCH_NONE,165,ID: 165
1894927772,7feba584-f762-11e1-a439-00145eb45e9a,urn:catalog:FMNH:FMNH:111771-798:57715f94f9f8713ca560da09dbb9ad22,Animalia,Chordata,Squamata,,Anguidae,Abronia,Abronia graminea,,SPECIES,"Abronia graminea (Cope, 1864)",Abronia graminea,"(Cope, 1864)",MX,"CUMBRES, LAS,  ABOVE ACULTZINGO",Veracruz de ignacio de la llave,PRESENT,28,ff90b050-c256-11db-b71b-b8a03c50a862,18.775,-97.358333,90,,0,0,0,0,1941-01-01T00:00:00Z,,,1941,5226604,5226604,PRESERVED_SPECIMEN,FMNH,FMNH,111771-798,"",NO DISPONIBLE,,CC_BY_4_0,Comisión Nacional para el Conocimiento y Uso de la Biodiversidad (CONABIO),NO DISPONIBLE,,"",2022-11-25T06:12:47Z,"",COORDINATE_ROUNDED;GEODETIC_DATUM_ASSUMED_WGS84;RECORDED_DATE_INVALID;TYPE_STATUS_INVALID;OCCURRENCE_STATUS_INFERRED_FROM_INDIVIDUAL_COUNT;AMBIGUOUS_COLLECTION;INSTITUTION_MATCH_FUZZY,180,ID: 180
1894927768,7feba584-f762-11e1-a439-00145eb45e9a,urn:catalog:FMNH:FMNH:106538:6de178a8735971afb3b8fc3994d50f53,Animalia,Chordata,Squamata,,Anguidae,Abronia,Abronia graminea,,SPECIES,"Abronia graminea (Cope, 1864)",Abronia graminea,"(Cope, 1864)",MX,Cumbres de Acultzingo,Veracruz de ignacio de la llave,PRESENT,1,ff90b050-c256-11db-b71b-b8a03c50a862,18.775,-97.358333,90,,0,0,0,0,1941-01-01T00:00:00Z,,,1941,5226604,5226604,PRESERVED_SPECIMEN,FMNH,FMNH,106538,"",NO DISPONIBLE,,CC_BY_4_0,Comisión Nacional para el Conocimiento y Uso de la Biodiversidad (CONABIO),E.H. Taylor,,"",2022-11-25T06:12:36Z,"",COORDINATE_ROUNDED;GEODETIC_DATUM_ASSUMED_WGS84;RECORDED_DATE_INVALID;TYPE_STATUS_INVALID;OCCURRENCE_STATUS_INFERRED_FROM_INDIVIDUAL_COUNT;AMBIGUOUS_COLLECTION;INSTITUTION_MATCH_FUZZY,182,ID: 182
1894927747,7feba584-f762-11e1-a439-00145eb45e9a,urn:catalog:FC-UNAM:MZFC:4293:22463c831787f09fe7fc258266a815d9,Animalia,Chordata,Squamata,,Anguidae,Abronia,Abronia graminea,,SPECIES,"Abronia graminea (Cope, 1864)",Abronia graminea,"(Cope, 1864)",MX,Puerto del Aire,Puebla,PRESENT,1,ff90b050-c256-11db-b71b-b8a03c50a862,18.658333,-97.391667,90,,0,0,0,0,1988-07-09T00:00:00Z,9,7,1988,5226604,5226604,PRESERVED_SPECIMEN,FC-UNAM,MZFC,4293,"",NO DISPONIBLE,,CC_BY_4_0,Comisión Nacional para el Conocimiento y Uso de la Biodiversidad (CONABIO),VICTOR ROBLEDO,,"",2022-11-25T06:12:48Z,"",COORDINATE_ROUNDED;GEODETIC_DATUM_ASSUMED_WGS84;TYPE_STATUS_INVALID;OCCURRENCE_STATUS_INFERRED_FROM_INDIVIDUAL_COUNT;INSTITUTION_MATCH_NONE,189,ID: 189
1894927736,7feba584-f762-11e1-a439-00145eb45e9a,urn:catalog:FC-UNAM:MZFC:5032:8cc9184d566b69dfe73f8b3dd652e539,Animalia,Chordata,Squamata,,Anguidae,Abronia,Abronia graminea,,SPECIES,"Abronia graminea (Cope, 1864)",Abronia graminea,"(Cope, 1864)",MX,"JOYA, LA",Veracruz de ignacio de la llave,PRESENT,1,ff90b050-c256-11db-b71b-b8a03c50a862,19.608333,-97.041667,80,,0,0,0,0,1991-05-01T00:00:00Z,,5,1991,5226604,5226604,PRESERVED_SPECIMEN,FC-UNAM,MZFC,5032,"",NO DISPONIBLE,,CC_BY_4_0,Comisión Nacional para el Conocimiento y Uso de la Biodiversidad (CONABIO),Walter Schmidt Ballardo,,"",2022-11-25T06:12:52Z,"",COORDINATE_ROUNDED;GEODETIC_DATUM_ASSUMED_WGS84;RECORDED_DATE_INVALID;TYPE_STATUS_INVALID;OCCURRENCE_STATUS_INFERRED_FROM_INDIVIDUAL_COUNT;INSTITUTION_MATCH_NONE,192,ID: 192
1894927725,7feba584-f762-11e1-a439-00145eb45e9a,urn:catalog:FMNH:FMNH:103214-215:8c14e644d7beb130f87bbd738e0c5d1b,Animalia,Chordata,Squamata,,Anguidae,Abronia,Abronia graminea,,SPECIES,"Abronia graminea (Cope, 1864)",Abronia graminea,"(Cope, 1864)",MX,"JOYA, LA",Veracruz de ignacio de la llave,PRESENT,2,ff90b050-c256-11db-b71b-b8a03c50a862,19.608333,-97.041667,80,,0,0,0,0,1941-08-16T00:00:00Z,16,8,1941,5226604,5226604,PRESERVED_SPECIMEN,FMNH,FMNH,103214-215,"",NO DISPONIBLE,,CC_BY_4_0,Comisión Nacional para el Conocimiento y Uso de la Biodiversidad (CONABIO),E.H. Taylor,,"",2022-11-25T06:12:38Z,"",COORDINATE_ROUNDED;GEODETIC_DATUM_ASSUMED_WGS84;TYPE_STATUS_INVALID;OCCURRENCE_STATUS_INFERRED_FROM_INDIVIDUAL_COUNT;AMBIGUOUS_COLLECTION;INSTITUTION_MATCH_FUZZY,195,ID: 195
1894927687,7feba584-f762-11e1-a439-00145eb45e9a,urn:catalog:FC-UNAM:MZFC:4124:71a00772e9bcc2eff1c2a3a6fb72f881,Animalia,Chordata,Squamata,,Anguidae,Abronia,Abronia graminea,,SPECIES,"Abronia graminea (Cope, 1864)",Abronia graminea,"(Cope, 1864)",MX,"PUERTO DEL AIRE, 1 KM S",Puebla,PRESENT,1,ff90b050-c256-11db-b71b-b8a03c50a862,18.658333,-97.391667,90,,0,0,0,0,1988-08-10T00:00:00Z,10,8,1988,5226604,5226604,PRESERVED_SPECIMEN,FC-UNAM,MZFC,4124,"",NO DISPONIBLE,,CC_BY_4_0,Comisión Nacional para el Conocimiento y Uso de la Biodiversidad (CONABIO),FRANCISCO SOBERON MOBARAK,,"",2022-11-25T06:12:36Z,"",COORDINATE_ROUNDED;GEODETIC_DATUM_ASSUMED_WGS84;TYPE_STATUS_INVALID;OCCURRENCE_STATUS_INFERRED_FROM_INDIVIDUAL_COUNT;INSTITUTION_MATCH_NONE,206,ID: 206
1894886256,cf6ee0a4-cde8-4983-882c-a6e4d2f7de7e,urn:catalog:FC-UNAM:MZFC:s-n:ff7099d2367512ee7f822058a4c9d2e5,Animalia,Chordata,Squamata,,Anguidae,Abronia,Abronia graminea,,SPECIES,"Abronia graminea (Cope, 1864)",Abronia graminea,"(Cope, 1864)",MX,Sierra Negra,Puebla,PRESENT,,ff90b050-c256-11db-b71b-b8a03c50a862,19.133333,-97.378,80,,1345,1345,0,0,2002-08-04T00:00:00Z,4,8,2002,5226604,5226604,PRESERVED_SPECIMEN,FC-UNAM,MZFC,s-n,"",Jonathan A. Campbell,,CC_BY_4_0,Comisión Nacional para el Conocimiento y Uso de la Biodiversidad (CONABIO),Jonathan Campbell,,"",2022-11-25T10:42:07Z,"",COORDINATE_ROUNDED;ELEVATION_MIN_MAX_SWAPPED;TYPE_STATUS_INVALID;INSTITUTION_MATCH_NONE,209,ID: 209
1894886245,cf6ee0a4-cde8-4983-882c-a6e4d2f7de7e,urn:catalog:FC-UNAM:MZFC:MZFC7816:babbca4956c525bdaa4b640c546b1cca,Animalia,Chordata,Squamata,,Anguidae,Abronia,Abronia graminea,,SPECIES,"Abronia graminea (Cope, 1864)",Abronia graminea,"(Cope, 1864)",MX,Tepeyahualco,Puebla,PRESENT,,ff90b050-c256-11db-b71b-b8a03c50a862,19.493,-97.486,80,,1135,1135,0,0,1995-09-26T00:00:00Z,26,9,1995,5226604,5226604,PRESERVED_SPECIMEN,FC-UNAM,MZFC,MZFC7816,"",Walter Schmidt Ballardo,,CC_BY_4_0,Comisión Nacional para el Conocimiento y Uso de la Biodiversidad (CONABIO),Walter Schmidt Ballardo,,"",2022-11-25T10:42:10Z,"",ELEVATION_MIN_MAX_SWAPPED;TYPE_STATUS_INVALID;INSTITUTION_MATCH_NONE,210,ID: 210
1894859728,7ff48302-f762-11e1-a439-00145eb45e9a,urn:catalog:MVZ-UCB:MVZ:146941-146943:fcbec4dd9448c153ee04d498bb8f1682,Animalia,Chordata,Squamata,,Anguidae,Abronia,Abronia graminea,,SPECIES,"Abronia graminea (Cope, 1864)",Abronia graminea,"(Cope, 1864)",MX,4.2 MI. W (POR LA CA.150) Y O.5 MI. E DE ACULTZINGO,Veracruz de ignacio de la llave,PRESENT,3,ff90b050-c256-11db-b71b-b8a03c50a862,18.7081,-97.33723,3110,,0,0,0,0,1977-01-01T00:00:00Z,,,1977,5226604,5226604,PRESERVED_SPECIMEN,MVZ-UCB,MVZ,146941-146943,"",NO DISPONIBLE,,CC_BY_4_0,Comisión Nacional para el Conocimiento y Uso de la Biodiversidad (CONABIO),NO DISPONIBLE,,"",2022-11-25T06:12:34Z,"",RECORDED_DATE_INVALID;TYPE_STATUS_INVALID;OCCURRENCE_STATUS_INFERRED_FROM_INDIVIDUAL_COUNT;INSTITUTION_MATCH_NONE,216,ID: 216
1894859725,7ff48302-f762-11e1-a439-00145eb45e9a,urn:catalog:MVZ-UCB:MVZ:111213:f807eb19a00d84662a39c39df95d1c8e,Animalia,Chordata,Squamata,,Anguidae,Abronia,Abronia graminea,,SPECIES,"Abronia graminea (Cope, 1864)",Abronia graminea,"(Cope, 1864)",MX,"1 KM W CENTRO DE LA JOYA, FUERA DE LA CA.140, NW DE JALAPA",Veracruz de ignacio de la llave,PRESENT,1,ff90b050-c256-11db-b71b-b8a03c50a862,19.625,-97.041667,80,,0,0,0,0,1972-01-01T00:00:00Z,,,1972,5226604,5226604,PRESERVED_SPECIMEN,MVZ-UCB,MVZ,111213,"",NO DISPONIBLE,,CC_BY_4_0,Comisión Nacional para el Conocimiento y Uso de la Biodiversidad (CONABIO),NO DISPONIBLE,,"",2022-11-25T06:12:32Z,"",COORDINATE_ROUNDED;GEODETIC_DATUM_ASSUMED_WGS84;RECORDED_DATE_INVALID;TYPE_STATUS_INVALID;OCCURRENCE_STATUS_INFERRED_FROM_INDIVIDUAL_COUNT;INSTITUTION_MATCH_NONE,217,ID: 217
1894859722,7ff48302-f762-11e1-a439-00145eb45e9a,urn:catalog:UIUC:UIMNH:21838:eb4b4f22ec218c900f9224aef8804b7b,Animalia,Chordata,Squamata,,Anguidae,Abronia,Abronia graminea,,SPECIES,"Abronia graminea (Cope, 1864)",Abronia graminea,"(Cope, 1864)",MX,Acultzingo,Veracruz de ignacio de la llave,PRESENT,1,ff90b050-c256-11db-b71b-b8a03c50a862,18.725,-97.308333,90,,850,850,0,0,1950-01-01T00:00:00Z,,,1950,5226604,5226604,PRESERVED_SPECIMEN,UIUC,UIMNH,21838,"",NO DISPONIBLE,,CC_BY_4_0,Comisión Nacional para el Conocimiento y Uso de la Biodiversidad (CONABIO),NO DISPONIBLE,,"",2022-11-25T06:12:34Z,"",COORDINATE_ROUNDED;GEODETIC_DATUM_ASSUMED_WGS84;RECORDED_DATE_INVALID;ELEVATION_MIN_MAX_SWAPPED;TYPE_STATUS_INVALID;OCCURRENCE_STATUS_INFERRED_FROM_INDIVIDUAL_COUNT;INSTITUTION_MATCH_NONE,218,ID: 218
1894859719,7ff48302-f762-11e1-a439-00145eb45e9a,urn:catalog:MVZ-UCB:MVZ:191070:ea72813eeab9ee95f0e8a481f9e8886c,Animalia,Chordata,Squamata,,Anguidae,Abronia,Abronia graminea,,SPECIES,"Abronia graminea (Cope, 1864)",Abronia graminea,"(Cope, 1864)",MX,La Joya,Veracruz de ignacio de la llave,PRESENT,1,ff90b050-c256-11db-b71b-b8a03c50a862,19.608333,-97.041667,80,,1100,1100,0,0,1981-01-01T00:00:00Z,,,1981,5226604,5226604,PRESERVED_SPECIMEN,MVZ-UCB,MVZ,191070,"",NO DISPONIBLE,,CC_BY_4_0,Comisión Nacional para el Conocimiento y Uso de la Biodiversidad (CONABIO),NO DISPONIBLE,,"",2022-11-25T06:12:34Z,"",COORDINATE_ROUNDED;GEODETIC_DATUM_ASSUMED_WGS84;RECORDED_DATE_INVALID;ELEVATION_MIN_MAX_SWAPPED;TYPE_STATUS_INVALID;OCCURRENCE_STATUS_INFERRED_FROM_INDIVIDUAL_COUNT;INSTITUTION_MATCH_NONE,219,ID: 219
1894859716,7ff48302-f762-11e1-a439-00145eb45e9a,urn:catalog:MVZ-UCB:MVZ:114710:c6032ebef1f005680fb08ab21f5bbe3d,Animalia,Chordata,Squamata,,Anguidae,Abronia,Abronia graminea,,SPECIES,"Abronia graminea (Cope, 1864)",Abronia graminea,"(Cope, 1864)",MX,LA JOYA (VECINDAD CA.140),Veracruz de ignacio de la llave,PRESENT,1,ff90b050-c256-11db-b71b-b8a03c50a862,19.608333,-97.041667,80,,1100,1100,0,0,1974-01-01T00:00:00Z,,,1974,5226604,5226604,PRESERVED_SPECIMEN,MVZ-UCB,MVZ,114710,"",NO DISPONIBLE,,CC_BY_4_0,Comisión Nacional para el Conocimiento y Uso de la Biodiversidad (CONABIO),NO DISPONIBLE,,"",2022-11-25T06:12:31Z,"",COORDINATE_ROUNDED;GEODETIC_DATUM_ASSUMED_WGS84;RECORDED_DATE_INVALID;ELEVATION_MIN_MAX_SWAPPED;TYPE_STATUS_INVALID;OCCURRENCE_STATUS_INFERRED_FROM_INDIVIDUAL_COUNT;INSTITUTION_MATCH_NONE,220,ID: 220
1894859713,7ff48302-f762-11e1-a439-00145eb45e9a,urn:catalog:MVZ-UCB:MVZ:191066-069:c2b3da0986d7d5c89379a79abae7654b,Animalia,Chordata,Squamata,,Anguidae,Abronia,Abronia graminea,,SPECIES,"Abronia graminea (Cope, 1864)",Abronia graminea,"(Cope, 1864)",MX,La Joya,Veracruz de ignacio de la llave,PRESENT,4,ff90b050-c256-11db-b71b-b8a03c50a862,19.608333,-97.041667,80,,1100,1100,0,0,1982-01-01T00:00:00Z,,,1982,5226604,5226604,PRESERVED_SPECIMEN,MVZ-UCB,MVZ,191066-069,"",NO DISPONIBLE,,CC_BY_4_0,Comisión Nacional para el Conocimiento y Uso de la Biodiversidad (CONABIO),NO DISPONIBLE,,"",2022-11-25T06:12:33Z,"",COORDINATE_ROUNDED;GEODETIC_DATUM_ASSUMED_WGS84;RECORDED_DATE_INVALID;ELEVATION_MIN_MAX_SWAPPED;TYPE_STATUS_INVALID;OCCURRENCE_STATUS_INFERRED_FROM_INDIVIDUAL_COUNT;INSTITUTION_MATCH_NONE,221,ID: 221
1894859710,7ff48302-f762-11e1-a439-00145eb45e9a,urn:catalog:MVZ-UCB:MVZ:106322-325:add20d73d11259748992a38882431ee0,Animalia,Chordata,Squamata,,Anguidae,Abronia,Abronia graminea,,SPECIES,"Abronia graminea (Cope, 1864)",Abronia graminea,"(Cope, 1864)",MX,LIMITE E DEL CENTRO DE LA JOYA (EN UNA BROMELIACEA),Veracruz de ignacio de la llave,PRESENT,4,ff90b050-c256-11db-b71b-b8a03c50a862,19.608333,-97.041667,80,,1100,1100,0,0,1972-01-01T00:00:00Z,,,1972,5226604,5226604,PRESERVED_SPECIMEN,MVZ-UCB,MVZ,106322-325,"",NO DISPONIBLE,,CC_BY_4_0,Comisión Nacional para el Conocimiento y Uso de la Biodiversidad (CONABIO),NO DISPONIBLE,,"",2022-11-25T06:12:34Z,"",COORDINATE_ROUNDED;GEODETIC_DATUM_ASSUMED_WGS84;RECORDED_DATE_INVALID;ELEVATION_MIN_MAX_SWAPPED;TYPE_STATUS_INVALID;OCCURRENCE_STATUS_INFERRED_FROM_INDIVIDUAL_COUNT;INSTITUTION_MATCH_NONE,222,ID: 222
1894859707,7ff48302-f762-11e1-a439-00145eb45e9a,urn:catalog:CAS:CAS-HERP:16194-195:a8968c92e8029b71bdeff52997901ded,Animalia,Chordata,Squamata,,Anguidae,Abronia,Abronia graminea,,SPECIES,"Abronia graminea (Cope, 1864)",Abronia graminea,"(Cope, 1864)",MX,"CUMBRES, ANTES DE ACULTZINGO",Veracruz de ignacio de la llave,PRESENT,2,ff90b050-c256-11db-b71b-b8a03c50a862,18.725,-97.308333,90,,0,0,0,0,1941-01-01T00:00:00Z,,,1941,5226604,5226604,PRESERVED_SPECIMEN,CAS,CAS-HERP,16194-195,"",NO DISPONIBLE,,CC_BY_4_0,Comisión Nacional para el Conocimiento y Uso de la Biodiversidad (CONABIO),NO DISPONIBLE,,"",2022-11-25T06:12:32Z,"",COORDINATE_ROUNDED;GEODETIC_DATUM_ASSUMED_WGS84;RECORDED_DATE_INVALID;TYPE_STATUS_INVALID;OCCURRENCE_STATUS_INFERRED_FROM_INDIVIDUAL_COUNT;INSTITUTION_MATCH_FUZZY;COLLECTION_MATCH_FUZZY,223,ID: 223
1894859704,7ff48302-f762-11e1-a439-00145eb45e9a,urn:catalog:NO DISPONIBLE:NCB:786-788:a4feff67ab04f08084f69a39c3b781ca,Animalia,Chordata,Squamata,,Anguidae,Abronia,Abronia graminea,,SPECIES,"Abronia graminea (Cope, 1864)",Abronia graminea,"(Cope, 1864)",MX,Acultzingo,Veracruz de ignacio de la llave,PRESENT,3,ff90b050-c256-11db-b71b-b8a03c50a862,18.725,-97.308333,90,,850,850,0,0,1963-01-01T00:00:00Z,,,1963,5226604,5226604,PRESERVED_SPECIMEN,NO DISPONIBLE,NCB,786-788,"",NO DISPONIBLE,,CC_BY_4_0,Comisión Nacional para el Conocimiento y Uso de la Biodiversidad (CONABIO),NO DISPONIBLE,,"",2022-11-25T06:12:32Z,"",COORDINATE_ROUNDED;GEODETIC_DATUM_ASSUMED_WGS84;RECORDED_DATE_INVALID;ELEVATION_MIN_MAX_SWAPPED;TYPE_STATUS_INVALID;OCCURRENCE_STATUS_INFERRED_FROM_INDIVIDUAL_COUNT;INSTITUTION_MATCH_NONE,224,ID: 224
1894859701,7ff48302-f762-11e1-a439-00145eb45e9a,urn:catalog:FC-UNAM:MZFC:04124:a3ddc49c37395d5b10eb3551428473df,Animalia,Chordata,Squamata,,Anguidae,Abronia,Abronia graminea,,SPECIES,"Abronia graminea (Cope, 1864)",Abronia graminea,"(Cope, 1864)",MX,"ACULTZINGO, 1 KM S DE PUERTO DEL AIRE",Veracruz de ignacio de la llave,PRESENT,1,ff90b050-c256-11db-b71b-b8a03c50a862,18.725,-97.308333,90,,850,850,0,0,1988-01-01T00:00:00Z,,,1988,5226604,5226604,PRESERVED_SPECIMEN,FC-UNAM,MZFC,04124,"",NO DISPONIBLE,,CC_BY_4_0,Comisión Nacional para el Conocimiento y Uso de la Biodiversidad (CONABIO),NO DISPONIBLE,,"",2022-11-25T06:12:32Z,"",COORDINATE_ROUNDED;GEODETIC_DATUM_ASSUMED_WGS84;RECORDED_DATE_INVALID;ELEVATION_MIN_MAX_SWAPPED;TYPE_STATUS_INVALID;OCCURRENCE_STATUS_INFERRED_FROM_INDIVIDUAL_COUNT;INSTITUTION_MATCH_NONE,225,ID: 225
1894859698,7ff48302-f762-11e1-a439-00145eb45e9a,urn:catalog:FC-UNAM:MZFC:05032:9d59aaaff2d3b78fcb24e4860a572460,Animalia,Chordata,Squamata,,Anguidae,Abronia,Abronia graminea,,SPECIES,"Abronia graminea (Cope, 1864)",Abronia graminea,"(Cope, 1864)",MX,La Joya,Veracruz de ignacio de la llave,PRESENT,1,ff90b050-c256-11db-b71b-b8a03c50a862,19.608333,-97.041667,80,,1100,1100,0,0,1991-01-01T00:00:00Z,,,1991,5226604,5226604,PRESERVED_SPECIMEN,FC-UNAM,MZFC,05032,"",NO DISPONIBLE,,CC_BY_4_0,Comisión Nacional para el Conocimiento y Uso de la Biodiversidad (CONABIO),NO DISPONIBLE,,"",2022-11-25T06:12:34Z,"",COORDINATE_ROUNDED;GEODETIC_DATUM_ASSUMED_WGS84;RECORDED_DATE_INVALID;ELEVATION_MIN_MAX_SWAPPED;TYPE_STATUS_INVALID;OCCURRENCE_STATUS_INFERRED_FROM_INDIVIDUAL_COUNT;INSTITUTION_MATCH_NONE,226,ID: 226
1894859696,7ff48302-f762-11e1-a439-00145eb45e9a,"urn:catalog:CAS:CAS-HERP:138886,139672,140365:8fe4dcee6d67caec4fb1219974c0a787",Animalia,Chordata,Squamata,,Anguidae,Abronia,Abronia graminea,,SPECIES,"Abronia graminea (Cope, 1864)",Abronia graminea,"(Cope, 1864)",MX,Puerto del Aire,Veracruz de ignacio de la llave,PRESENT,3,ff90b050-c256-11db-b71b-b8a03c50a862,18.708333,-97.341667,90,,0,0,0,0,1973-01-01T00:00:00Z,,,1973,5226604,5226604,PRESERVED_SPECIMEN,CAS,CAS-HERP,"138886,139672,140365","",NO DISPONIBLE,,CC_BY_4_0,Comisión Nacional para el Conocimiento y Uso de la Biodiversidad (CONABIO),NO DISPONIBLE,,"",2022-11-25T06:12:32Z,"",COORDINATE_ROUNDED;GEODETIC_DATUM_ASSUMED_WGS84;RECORDED_DATE_INVALID;TYPE_STATUS_INVALID;OCCURRENCE_STATUS_INFERRED_FROM_INDIVIDUAL_COUNT;INSTITUTION_MATCH_FUZZY;COLLECTION_MATCH_FUZZY,227,ID: 227
1894859695,7ff48302-f762-11e1-a439-00145eb45e9a,urn:catalog:MVZ-UCB:MVZ:137081:7b94294dad7d51073a4594a91f0ad292,Animalia,Chordata,Squamata,,Anguidae,Abronia,Abronia graminea,,SPECIES,"Abronia graminea (Cope, 1864)",Abronia graminea,"(Cope, 1864)",MX,0.8 KM S (CA.150) PUERTO DEL AIRE,Veracruz de ignacio de la llave,PRESENT,1,ff90b050-c256-11db-b71b-b8a03c50a862,18.690556,-97.340556,90,,0,0,0,0,1976-01-01T00:00:00Z,,,1976,5226604,5226604,PRESERVED_SPECIMEN,MVZ-UCB,MVZ,137081,"",NO DISPONIBLE,,CC_BY_4_0,Comisión Nacional para el Conocimiento y Uso de la Biodiversidad (CONABIO),NO DISPONIBLE,,"",2022-11-25T06:12:32Z,"",COORDINATE_ROUNDED;GEODETIC_DATUM_ASSUMED_WGS84;RECORDED_DATE_INVALID;TYPE_STATUS_INVALID;OCCURRENCE_STATUS_INFERRED_FROM_INDIVIDUAL_COUNT;INSTITUTION_MATCH_NONE,228,ID: 228
1894859656,7ff48302-f762-11e1-a439-00145eb45e9a,urn:catalog:MVZ-UCB:MVZ:106763-764:77e7acc64aa681d52c8febd6e6a6778e,Animalia,Chordata,Squamata,,Anguidae,Abronia,Abronia graminea,,SPECIES,"Abronia graminea (Cope, 1864)",Abronia graminea,"(Cope, 1864)",MX,Puerto del Aire,Veracruz de ignacio de la llave,PRESENT,2,ff90b050-c256-11db-b71b-b8a03c50a862,18.708333,-97.341667,90,,0,0,0,0,1973-01-01T00:00:00Z,,,1973,5226604,5226604,PRESERVED_SPECIMEN,MVZ-UCB,MVZ,106763-764,"",NO DISPONIBLE,,CC_BY_4_0,Comisión Nacional para el Conocimiento y Uso de la Biodiversidad (CONABIO),NO DISPONIBLE,,"",2022-11-25T06:12:32Z,"",COORDINATE_ROUNDED;GEODETIC_DATUM_ASSUMED_WGS84;RECORDED_DATE_INVALID;TYPE_STATUS_INVALID;OCCURRENCE_STATUS_INFERRED_FROM_INDIVIDUAL_COUNT;INSTITUTION_MATCH_NONE,230,ID: 230
1894859652,7ff48302-f762-11e1-a439-00145eb45e9a,urn:catalog:MVZ-UCB:MVZ:130000:6fdb281575c53b2c7914e6b87b145a43,Animalia,Chordata,Squamata,,Anguidae,Abronia,Abronia graminea,,SPECIES,"Abronia graminea (Cope, 1864)",Abronia graminea,"(Cope, 1864)",MX,"CUMBRES, W ACULTZINGO (AL S PUERTO DEL AIRE)",Veracruz de ignacio de la llave,PRESENT,1,ff90b050-c256-11db-b71b-b8a03c50a862,18.725,-97.308333,90,,0,0,0,0,1974-01-01T00:00:00Z,,,1974,5226604,5226604,PRESERVED_SPECIMEN,MVZ-UCB,MVZ,130000,"",NO DISPONIBLE,,CC_BY_4_0,Comisión Nacional para el Conocimiento y Uso de la Biodiversidad (CONABIO),NO DISPONIBLE,,"",2022-11-25T06:12:34Z,"",COORDINATE_ROUNDED;GEODETIC_DATUM_ASSUMED_WGS84;RECORDED_DATE_INVALID;TYPE_STATUS_INVALID;OCCURRENCE_STATUS_INFERRED_FROM_INDIVIDUAL_COUNT;INSTITUTION_MATCH_NONE,231,ID: 231
1894859648,7ff48302-f762-11e1-a439-00145eb45e9a,urn:catalog:MVZ-UCB:MVZ:191065:4ae6e49509f4144315280921596c38ce,Animalia,Chordata,Squamata,,Anguidae,Abronia,Abronia graminea,,SPECIES,"Abronia graminea (Cope, 1864)",Abronia graminea,"(Cope, 1864)",MX,1.5 KM S PUERTO DEL AIRE,Veracruz de ignacio de la llave,PRESENT,1,ff90b050-c256-11db-b71b-b8a03c50a862,18.685601,-97.335278,1732,,0,0,0,0,1981-01-01T00:00:00Z,,,1981,5226604,5226604,PRESERVED_SPECIMEN,MVZ-UCB,MVZ,191065,"",NO DISPONIBLE,,CC_BY_4_0,Comisión Nacional para el Conocimiento y Uso de la Biodiversidad (CONABIO),NO DISPONIBLE,,"",2022-11-25T06:12:33Z,"",COORDINATE_ROUNDED;RECORDED_DATE_INVALID;TYPE_STATUS_INVALID;OCCURRENCE_STATUS_INFERRED_FROM_INDIVIDUAL_COUNT;INSTITUTION_MATCH_NONE,232,ID: 232
1894859644,7ff48302-f762-11e1-a439-00145eb45e9a,urn:catalog:UIUC:UIMNH:21835-21837:381bd4fdf2b5d6927d2cdbb4a9cee36d,Animalia,Chordata,Squamata,,Anguidae,Abronia,Abronia graminea,,SPECIES,"Abronia graminea (Cope, 1864)",Abronia graminea,"(Cope, 1864)",MX,3 MI. E LAS VIGAS,Veracruz de ignacio de la llave,PRESENT,3,ff90b050-c256-11db-b71b-b8a03c50a862,19.658333,-97.091667,80,,0,0,0,0,1950-01-01T00:00:00Z,,,1950,5226604,5226604,PRESERVED_SPECIMEN,UIUC,UIMNH,21835-21837,"",NO DISPONIBLE,,CC_BY_4_0,Comisión Nacional para el Conocimiento y Uso de la Biodiversidad (CONABIO),NO DISPONIBLE,,"",2022-11-25T06:12:34Z,"",COORDINATE_ROUNDED;GEODETIC_DATUM_ASSUMED_WGS84;RECORDED_DATE_INVALID;TYPE_STATUS_INVALID;OCCURRENCE_STATUS_INFERRED_FROM_INDIVIDUAL_COUNT;INSTITUTION_MATCH_NONE,233,ID: 233
1894859640,7ff48302-f762-11e1-a439-00145eb45e9a,urn:catalog:FC-UNAM:MZFC:04293:2f9c12613cff0943ca5cb3f7a3af40b9,Animalia,Chordata,Squamata,,Anguidae,Abronia,Abronia graminea,,SPECIES,"Abronia graminea (Cope, 1864)",Abronia graminea,"(Cope, 1864)",MX,Puerto del Aire,Veracruz de ignacio de la llave,PRESENT,1,ff90b050-c256-11db-b71b-b8a03c50a862,18.708333,-97.341667,90,,0,0,0,0,1988-01-01T00:00:00Z,,,1988,5226604,5226604,PRESERVED_SPECIMEN,FC-UNAM,MZFC,04293,"",NO DISPONIBLE,,CC_BY_4_0,Comisión Nacional para el Conocimiento y Uso de la Biodiversidad (CONABIO),NO DISPONIBLE,,"",2022-11-25T06:12:33Z,"",COORDINATE_ROUNDED;GEODETIC_DATUM_ASSUMED_WGS84;RECORDED_DATE_INVALID;TYPE_STATUS_INVALID;OCCURRENCE_STATUS_INFERRED_FROM_INDIVIDUAL_COUNT;INSTITUTION_MATCH_NONE,234,ID: 234
1894859635,7ff48302-f762-11e1-a439-00145eb45e9a,urn:catalog:NMNH-SI:USNM:00113175-81:2a0db6654855592548f95bf5775e35e6,Animalia,Chordata,Squamata,,Anguidae,Abronia,Abronia graminea,,SPECIES,"Abronia graminea (Cope, 1864)",Abronia graminea,"(Cope, 1864)",MX,ANTES DE ACULTZINGO,Veracruz de ignacio de la llave,PRESENT,7,ff90b050-c256-11db-b71b-b8a03c50a862,18.71564,-97.324843,4310,,0,0,0,0,1939-01-01T00:00:00Z,,,1939,5226604,5226604,PRESERVED_SPECIMEN,NMNH-SI,USNM,00113175-81,"",NO DISPONIBLE,,CC_BY_4_0,Comisión Nacional para el Conocimiento y Uso de la Biodiversidad (CONABIO),NO DISPONIBLE,,"",2022-11-25T06:12:32Z,"",RECORDED_DATE_INVALID;TYPE_STATUS_INVALID;OCCURRENCE_STATUS_INFERRED_FROM_INDIVIDUAL_COUNT;INSTITUTION_MATCH_NONE,235,ID: 235
1894859631,7ff48302-f762-11e1-a439-00145eb45e9a,urn:catalog:NMNH-SI:USNM:00113182-97:27a029a7694be15ed13cc32919292cf6,Animalia,Chordata,Squamata,,Anguidae,Abronia,Abronia graminea,,SPECIES,"Abronia graminea (Cope, 1864)",Abronia graminea,"(Cope, 1864)",MX,"ANTES DE LAS CUMBRES, ACULTZINGO",Veracruz de ignacio de la llave,PRESENT,16,ff90b050-c256-11db-b71b-b8a03c50a862,18.725,-97.308333,90,,0,0,0,0,1940-01-01T00:00:00Z,,,1940,5226604,5226604,PRESERVED_SPECIMEN,NMNH-SI,USNM,00113182-97,"",NO DISPONIBLE,,CC_BY_4_0,Comisión Nacional para el Conocimiento y Uso de la Biodiversidad (CONABIO),NO DISPONIBLE,,"",2022-11-25T06:12:33Z,"",COORDINATE_ROUNDED;GEODETIC_DATUM_ASSUMED_WGS84;RECORDED_DATE_INVALID;TYPE_STATUS_INVALID;OCCURRENCE_STATUS_INFERRED_FROM_INDIVIDUAL_COUNT;INSTITUTION_MATCH_NONE,236,ID: 236
1894859627,7ff48302-f762-11e1-a439-00145eb45e9a,urn:catalog:CAS:CAS-HERP:135689:25870fe564713fc498c8276c4614fb8c,Animalia,Chordata,Squamata,,Anguidae,Abronia,Abronia graminea,,SPECIES,"Abronia graminea (Cope, 1864)",Abronia graminea,"(Cope, 1864)",MX,LA JOYA (SOBRE CA.140),Veracruz de ignacio de la llave,PRESENT,1,ff90b050-c256-11db-b71b-b8a03c50a862,19.608333,-97.041667,80,,1100,1100,0,0,1972-01-01T00:00:00Z,,,1972,5226604,5226604,PRESERVED_SPECIMEN,CAS,CAS-HERP,135689,"",NO DISPONIBLE,,CC_BY_4_0,Comisión Nacional para el Conocimiento y Uso de la Biodiversidad (CONABIO),NO DISPONIBLE,,"",2022-11-25T06:12:32Z,"",COORDINATE_ROUNDED;GEODETIC_DATUM_ASSUMED_WGS84;RECORDED_DATE_INVALID;ELEVATION_MIN_MAX_SWAPPED;TYPE_STATUS_INVALID;OCCURRENCE_STATUS_INFERRED_FROM_INDIVIDUAL_COUNT;INSTITUTION_MATCH_FUZZY;COLLECTION_MATCH_FUZZY,237,ID: 237
1894783477,264da7bf-9e07-4480-aab7-a76cd38c6e9c,urn:catalog:IBUNAM:CNAR:19725:27d5bee0f50707e42b2eb824efd176a5,Animalia,Chordata,Squamata,,Anguidae,Abronia,Abronia graminea,,SPECIES,"Abronia graminea (Cope, 1864)",Abronia graminea,"(Cope, 1864)",MX,Puerto del Aire,Veracruz de ignacio de la llave,PRESENT,1,ff90b050-c256-11db-b71b-b8a03c50a862,18.7175,-97.336111,90,,1190,1190,0,0,1998-10-25T00:00:00Z,25,10,1998,5226604,5226604,PRESERVED_SPECIMEN,IBUNAM,CNAR,19725,"",AJGH,,CC_BY_4_0,Comisión Nacional para el Conocimiento y Uso de la Biodiversidad (CONABIO),DAV,,"",2022-11-24T20:12:57Z,"",COORDINATE_ROUNDED;GEODETIC_DATUM_ASSUMED_WGS84;ELEVATION_MIN_MAX_SWAPPED;TYPE_STATUS_INVALID;OCCURRENCE_STATUS_INFERRED_FROM_INDIVIDUAL_COUNT;COLLECTION_MATCH_NONE;INSTITUTION_MATCH_FUZZY,238,ID: 238
1893337851,3d349fc8-84bc-46f9-b4d7-f1b115a9c9d2,urn:catalog:FC-UNAM:MZFC:13258:c1eae3f30f4714d39a8030ad583ddb93,Animalia,Chordata,Squamata,,Anguidae,Abronia,Abronia graminea,,SPECIES,"Abronia graminea (Cope, 1864)",Abronia graminea,"(Cope, 1864)",MX,PUERTO DE LA SOLEDAD,Oaxaca,PRESENT,1,ff90b050-c256-11db-b71b-b8a03c50a862,18.158333,-96.999722,,,1229,1229,0,0,1993-10-07T00:00:00Z,7,10,1993,5226604,5226604,PRESERVED_SPECIMEN,FC-UNAM,MZFC,13258,"",ART,,CC_BY_4_0,Comisión Nacional para el Conocimiento y Uso de la Biodiversidad (CONABIO),ART,,"",2022-11-24T21:18:39Z,"",COORDINATE_ROUNDED;ELEVATION_MIN_MAX_SWAPPED;TYPE_STATUS_INVALID;OCCURRENCE_STATUS_INFERRED_FROM_INDIVIDUAL_COUNT;INSTITUTION_MATCH_NONE,243,ID: 243
1893337847,3d349fc8-84bc-46f9-b4d7-f1b115a9c9d2,urn:catalog:FC-UNAM:NO APLICA:NO APLICA:d1889b6f95ad8feb65c6effcbcbd383b,Animalia,Chordata,Squamata,,Anguidae,Abronia,Abronia graminea,,SPECIES,"Abronia graminea (Cope, 1864)",Abronia graminea,"(Cope, 1864)",MX,Puente Grande,Oaxaca,PRESENT,1,ff90b050-c256-11db-b71b-b8a03c50a862,18.148056,-96.905833,,,707,707,0,0,2011-04-10T00:00:00Z,10,4,2011,5226604,5226604,HUMAN_OBSERVATION,FC-UNAM,NO APLICA,NO APLICA,"",RVG,,CC_BY_4_0,Comisión Nacional para el Conocimiento y Uso de la Biodiversidad (CONABIO),RVG,,"",2022-11-24T21:18:39Z,"",COORDINATE_ROUNDED;ELEVATION_MIN_MAX_SWAPPED;TYPE_STATUS_INVALID;OCCURRENCE_STATUS_INFERRED_FROM_INDIVIDUAL_COUNT,244,ID: 244
1893337805,3d349fc8-84bc-46f9-b4d7-f1b115a9c9d2,urn:catalog:FC-UNAM:NO APLICA:NO APLICA:aaff71c3898085525e723a1dd9c8cdaa,Animalia,Chordata,Squamata,,Anguidae,Abronia,Abronia graminea,,SPECIES,"Abronia graminea (Cope, 1864)",Abronia graminea,"(Cope, 1864)",MX,Camino entre Puerto Soledad y San Bernardino,Oaxaca,PRESENT,1,ff90b050-c256-11db-b71b-b8a03c50a862,18.161111,-96.998333,,,1181.5,1181.5,0,0,2011-04-11T00:00:00Z,11,4,2011,5226604,5226604,HUMAN_OBSERVATION,FC-UNAM,NO APLICA,NO APLICA,"",RVG,,CC_BY_4_0,Comisión Nacional para el Conocimiento y Uso de la Biodiversidad (CONABIO),RVG,,"",2022-11-24T21:18:40Z,"",COORDINATE_ROUNDED;ELEVATION_MIN_MAX_SWAPPED;TYPE_STATUS_INVALID;OCCURRENCE_STATUS_INFERRED_FROM_INDIVIDUAL_COUNT,246,ID: 246
1893337796,3d349fc8-84bc-46f9-b4d7-f1b115a9c9d2,urn:catalog:FC-UNAM:MZFC:13257:bef093e9126d311b3eb2e8119b3395e7,Animalia,Chordata,Squamata,,Anguidae,Abronia,Abronia graminea,,SPECIES,"Abronia graminea (Cope, 1864)",Abronia graminea,"(Cope, 1864)",MX,PUERTO DE LA SOLEDAD,Oaxaca,PRESENT,1,ff90b050-c256-11db-b71b-b8a03c50a862,18.158333,-96.999722,,,1229,1229,0,0,1993-06-06T00:00:00Z,6,6,1993,5226604,5226604,PRESERVED_SPECIMEN,FC-UNAM,MZFC,13257,"",ART,,CC_BY_4_0,Comisión Nacional para el Conocimiento y Uso de la Biodiversidad (CONABIO),ART,,"",2022-11-24T21:18:40Z,"",COORDINATE_ROUNDED;ELEVATION_MIN_MAX_SWAPPED;TYPE_STATUS_INVALID;OCCURRENCE_STATUS_INFERRED_FROM_INDIVIDUAL_COUNT;INSTITUTION_MATCH_NONE,247,ID: 247
1893337786,3d349fc8-84bc-46f9-b4d7-f1b115a9c9d2,urn:catalog:FC-UNAM:MZFC:13256:bcb810d96055bdc0df0b1d53c06ddd8b,Animalia,Chordata,Squamata,,Anguidae,Abronia,Abronia graminea,,SPECIES,"Abronia graminea (Cope, 1864)",Abronia graminea,"(Cope, 1864)",MX,PUERTO DE LA SOLEDAD,Oaxaca,PRESENT,1,ff90b050-c256-11db-b71b-b8a03c50a862,18.158333,-96.999722,,,1229,1229,0,0,1993-06-06T00:00:00Z,6,6,1993,5226604,5226604,PRESERVED_SPECIMEN,FC-UNAM,MZFC,13256,"",LCM,,CC_BY_4_0,Comisión Nacional para el Conocimiento y Uso de la Biodiversidad (CONABIO),LCM,,"",2022-11-24T21:18:36Z,"",COORDINATE_ROUNDED;ELEVATION_MIN_MAX_SWAPPED;TYPE_STATUS_INVALID;OCCURRENCE_STATUS_INFERRED_FROM_INDIVIDUAL_COUNT;INSTITUTION_MATCH_NONE,248,ID: 248
1893321085,dcb23fa1-3f1a-4678-b11d-249787e79cae,urn:catalog:IBUNAM:CNAR:2713:01924b5d78d13584d95a62936362f033,Animalia,Chordata,Squamata,,Anguidae,Abronia,Abronia graminea,,SPECIES,"Abronia graminea (Cope, 1864)",Abronia graminea,"(Cope, 1864)",MX,Chignahuapan,Puebla,PRESENT,2,ff90b050-c256-11db-b71b-b8a03c50a862,19.84,-98.03,80,,1150,1150,0,0,1980-04-06T00:00:00Z,6,4,1980,5226604,5226604,PRESERVED_SPECIMEN,IBUNAM,CNAR,2713,"",NO DISPONIBLE,,CC_BY_4_0,Comisión Nacional para el Conocimiento y Uso de la Biodiversidad (CONABIO),Refugio Vela Rivera,,"",2022-11-25T11:18:32Z,"",GEODETIC_DATUM_ASSUMED_WGS84;ELEVATION_MIN_MAX_SWAPPED;TYPE_STATUS_INVALID;OCCURRENCE_STATUS_INFERRED_FROM_INDIVIDUAL_COUNT;COLLECTION_MATCH_NONE;INSTITUTION_MATCH_FUZZY,249,ID: 249
1893320983,dcb23fa1-3f1a-4678-b11d-249787e79cae,urn:catalog:IBUNAM:CNAR:10094:b26b19a85c8e33d49ed75f124590957c,Animalia,Chordata,Squamata,,Anguidae,Abronia,Abronia graminea,,SPECIES,"Abronia graminea (Cope, 1864)",Abronia graminea,"(Cope, 1864)",MX,Puerto del Aire,Veracruz de ignacio de la llave,PRESENT,1,ff90b050-c256-11db-b71b-b8a03c50a862,18.7,-97.34,90,,1200,1200,0,0,1994-06-10T00:00:00Z,10,6,1994,5226604,5226604,PRESERVED_SPECIMEN,IBUNAM,CNAR,10094,"",NO DISPONIBLE,,CC_BY_4_0,Comisión Nacional para el Conocimiento y Uso de la Biodiversidad (CONABIO),J. Otley; F. Muñoz,,"",2022-11-25T11:18:30Z,"",GEODETIC_DATUM_ASSUMED_WGS84;ELEVATION_MIN_MAX_SWAPPED;TYPE_STATUS_INVALID;OCCURRENCE_STATUS_INFERRED_FROM_INDIVIDUAL_COUNT;COLLECTION_MATCH_NONE;INSTITUTION_MATCH_FUZZY,250,ID: 250
1893253178,9c41cbeb-e8d5-4c25-a3d1-a82972b61391,urn:catalog:INECOL:NO APLICA:NO APLICA:5dff916d0c73103b109b4ca4f8b37523,Animalia,Chordata,Squamata,,Anguidae,Abronia,Abronia graminea,,SPECIES,"Abronia graminea (Cope, 1864)",Abronia graminea,"(Cope, 1864)",MX,2.2 km al este de Tembladeras,Veracruz de ignacio de la llave,PRESENT,1,ff90b050-c256-11db-b71b-b8a03c50a862,19.515419,-97.09515,80,,1451,1451,0,0,2011-06-02T00:00:00Z,2,6,2011,5226604,5226604,HUMAN_OBSERVATION,INECOL,NO APLICA,NO APLICA,"",JLAL,,CC_BY_4_0,Comisión Nacional para el Conocimiento y Uso de la Biodiversidad (CONABIO),JLAL,,"",2022-11-25T08:40:15Z,"",COORDINATE_ROUNDED;ELEVATION_MIN_MAX_SWAPPED;TYPE_STATUS_INVALID;OCCURRENCE_STATUS_INFERRED_FROM_INDIVIDUAL_COUNT,251,ID: 251
1457617676,50c9509d-22c7-4a22-a47d-8c48425ef4a7,http://conabio.inaturalist.org/observations/5600462,Animalia,Chordata,Squamata,,Anguidae,Abronia,Abronia graminea,,SPECIES,"Abronia graminea (Cope, 1864)",Abronia graminea,"",MX,"",Puebla,PRESENT,,28eb1a3f-1c15-4a95-931a-4af90ecb574d,19.614727,-97.737698,30536,,,,,,2012-12-06T10:51:00Z,6,12,2012,5226604,5226604,HUMAN_OBSERVATION,iNaturalist,Observations,5600462,"",Ernesto,2017-04-07T17:33:07Z,CC_BY_NC_4_0,Mayra Juárez Castillo,Mayra Juárez Castillo,,"",2022-11-25T05:32:49Z,StillImage,COORDINATE_ROUNDED,259,ID: 259
1453196466,50c9509d-22c7-4a22-a47d-8c48425ef4a7,http://conabio.inaturalist.org/observations/4499256,Animalia,Chordata,Squamata,,Anguidae,Abronia,Abronia graminea,,SPECIES,"Abronia graminea (Cope, 1864)",Abronia graminea,"",MX,"",Puebla,PRESENT,,28eb1a3f-1c15-4a95-931a-4af90ecb574d,18.758984,-97.340755,30632,,,,,,2016-08-18T04:40:00Z,18,8,2016,5226604,5226604,HUMAN_OBSERVATION,iNaturalist,Observations,4499256,"",ric_ramirez,2016-11-05T16:06:50Z,CC_BY_NC_4_0,ric_ramirez,ric_ramirez,,"",2022-11-25T04:49:04Z,StillImage,COORDINATE_ROUNDED,260,ID: 260
1306585420,50c9509d-22c7-4a22-a47d-8c48425ef4a7,http://conabio.inaturalist.org/observations/4041568,Animalia,Chordata,Squamata,,Anguidae,Abronia,Abronia graminea,,SPECIES,"Abronia graminea (Cope, 1864)",Abronia graminea,"",MX,"",Puebla,PRESENT,,28eb1a3f-1c15-4a95-931a-4af90ecb574d,20.051398,-97.883968,30508,,,,,,2015-05-20T13:41:00Z,20,5,2015,5226604,5226604,HUMAN_OBSERVATION,iNaturalist,Observations,4041568,"",Ernesto,2016-09-05T20:50:18Z,CC_BY_NC_4_0,Mayra Juárez Castillo,Mayra Juárez Castillo,,"",2022-11-25T04:49:19Z,StillImage,COORDINATE_ROUNDED,302,ID: 302
1145618115,09c4287e-e6d5-4552-a07f-bff8a00833d8,http://arctos.database.museum/guid/MVZ:Herp:57466?seid=113725,Animalia,Chordata,Squamata,,Anguidae,Abronia,Abronia graminea,,SPECIES,"Abronia graminea (Cope, 1864)",Abronia graminea,"",MX,"La Puerta, 31 mi SW Orizaba",Puebla,PRESENT,,8edbbde0-055e-11d8-b850-b8a03c50a862,18.529832447632,-97.4381165331833,21824,,2134,0,,,1952-07-31T00:00:00Z,31,7,1952,5226604,5226604,PRESERVED_SPECIMEN,MVZ,Herp,MVZ:Herp:57466,1188,"Museum of Vertebrate Zoology, University of California, Berkeley",1999-01-27T00:00:00Z,CC0_1_0,"",Collector(s): Robert K. Selander,,"",2022-11-29T17:23:10Z,"",COORDINATE_ROUNDED;COORDINATE_REPROJECTED;INSTITUTION_MATCH_FUZZY;COLLECTION_MATCH_FUZZY,305,ID: 305
1145618109,09c4287e-e6d5-4552-a07f-bff8a00833d8,http://arctos.database.museum/guid/MVZ:Herp:57465?seid=527141,Animalia,Chordata,Squamata,,Anguidae,Abronia,Abronia graminea,,SPECIES,"Abronia graminea (Cope, 1864)",Abronia graminea,"",MX,"La Puerta, 31 mi SW Orizaba",Puebla,PRESENT,,8edbbde0-055e-11d8-b850-b8a03c50a862,18.529832447632,-97.4381165331833,21824,,2134,0,,,1952-07-31T00:00:00Z,31,7,1952,5226604,5226604,PRESERVED_SPECIMEN,MVZ,Herp,MVZ:Herp:57465,1187,"Museum of Vertebrate Zoology, University of California, Berkeley",1999-01-27T00:00:00Z,CC0_1_0,"",Collector(s): Robert K. Selander,,"",2022-11-29T17:23:25Z,"",COORDINATE_ROUNDED;COORDINATE_REPROJECTED;INSTITUTION_MATCH_FUZZY;COLLECTION_MATCH_FUZZY,306,ID: 306
1145497999,09c4287e-e6d5-4552-a07f-bff8a00833d8,http://arctos.database.museum/guid/MVZ:Herp:191069?seid=222372,Animalia,Chordata,Squamata,,Anguidae,Abronia,Abronia graminea,,SPECIES,"Abronia graminea (Cope, 1864)",Abronia graminea,"",MX,forest W of La Joya,Veracruz,PRESENT,,8edbbde0-055e-11d8-b850-b8a03c50a862,19.615,-97.031667,300,,2125,0,,,1982-08-28T00:00:00Z,28,8,1982,5226604,5226604,PRESERVED_SPECIMEN,MVZ,Herp,MVZ:Herp:191069,315,"Museum of Vertebrate Zoology, University of California, Berkeley",1999-01-27T00:00:00Z,CC0_1_0,"","Collector(s): David M. Darda, Stanley K. Sessions",,"",2022-11-29T17:23:14Z,"",COORDINATE_ROUNDED;GEODETIC_DATUM_INVALID;GEODETIC_DATUM_ASSUMED_WGS84;INSTITUTION_MATCH_FUZZY;COLLECTION_MATCH_FUZZY,308,ID: 308
1145497996,09c4287e-e6d5-4552-a07f-bff8a00833d8,http://arctos.database.museum/guid/MVZ:Herp:191067?seid=1766390,Animalia,Chordata,Squamata,,Anguidae,Abronia,Abronia graminea,,SPECIES,"Abronia graminea (Cope, 1864)",Abronia graminea,"",MX,forest W of La Joya,Veracruz,PRESENT,,8edbbde0-055e-11d8-b850-b8a03c50a862,19.615,-97.031667,300,,2125,0,,,1982-08-28T00:00:00Z,28,8,1982,5226604,5226604,PRESERVED_SPECIMEN,MVZ,Herp,MVZ:Herp:191067,313,"Museum of Vertebrate Zoology, University of California, Berkeley",1999-01-27T00:00:00Z,CC0_1_0,"","Collector(s): David M. Darda, Stanley K. Sessions",,"",2022-11-29T17:23:34Z,"",COORDINATE_ROUNDED;GEODETIC_DATUM_INVALID;GEODETIC_DATUM_ASSUMED_WGS84;INSTITUTION_MATCH_FUZZY;COLLECTION_MATCH_FUZZY,309,ID: 309
1145497981,09c4287e-e6d5-4552-a07f-bff8a00833d8,http://arctos.database.museum/guid/MVZ:Herp:191066?seid=1280821,Animalia,Chordata,Squamata,,Anguidae,Abronia,Abronia graminea,,SPECIES,"Abronia graminea (Cope, 1864)",Abronia graminea,"",MX,forest W of La Joya,Veracruz,PRESENT,,8edbbde0-055e-11d8-b850-b8a03c50a862,19.615,-97.031667,300,,2125,0,,,1982-08-26T00:00:00Z,26,8,1982,5226604,5226604,PRESERVED_SPECIMEN,MVZ,Herp,MVZ:Herp:191066,264,"Museum of Vertebrate Zoology, University of California, Berkeley",1999-01-27T00:00:00Z,CC0_1_0,"","Collector(s): David M. Darda, Stanley K. Sessions",,"",2022-11-29T17:23:20Z,"",COORDINATE_ROUNDED;GEODETIC_DATUM_INVALID;GEODETIC_DATUM_ASSUMED_WGS84;INSTITUTION_MATCH_FUZZY;COLLECTION_MATCH_FUZZY,310,ID: 310
1145497972,09c4287e-e6d5-4552-a07f-bff8a00833d8,http://arctos.database.museum/guid/MVZ:Herp:191065?seid=1548639,Animalia,Chordata,Squamata,,Anguidae,Abronia,Abronia graminea,,SPECIES,"Abronia graminea (Cope, 1864)",Abronia graminea,"",MX,1.5 km S (by dirt road) Puerto del Aire,Veracruz,PRESENT,,8edbbde0-055e-11d8-b850-b8a03c50a862,18.6831584458192,-97.3439477978662,1922,,,,,,1981-11-06T00:00:00Z,6,11,1981,5226604,5226604,PRESERVED_SPECIMEN,MVZ,Herp,MVZ:Herp:191065,94,"Museum of Vertebrate Zoology, University of California, Berkeley",1999-01-27T00:00:00Z,CC0_1_0,"","Collector(s): David M. Darda, Stanley K. Sessions",,"",2022-11-29T17:23:21Z,"",COORDINATE_ROUNDED;COORDINATE_REPROJECTED;INSTITUTION_MATCH_FUZZY;COLLECTION_MATCH_FUZZY,311,ID: 311
1145497971,09c4287e-e6d5-4552-a07f-bff8a00833d8,http://arctos.database.museum/guid/MVZ:Herp:191070?seid=36027,Animalia,Chordata,Squamata,,Anguidae,Abronia,Abronia graminea,,SPECIES,"Abronia graminea (Cope, 1864)",Abronia graminea,"",MX,La Joya,Veracruz,PRESENT,,8edbbde0-055e-11d8-b850-b8a03c50a862,19.6114488008674,-97.0272762951915,1292,,2100,0,,,1981-10-23T00:00:00Z,23,10,1981,5226604,5226604,PRESERVED_SPECIMEN,MVZ,Herp,MVZ:Herp:191070,1232,"Museum of Vertebrate Zoology, University of California, Berkeley",1999-01-27T00:00:00Z,CC0_1_0,"",Collector(s): David B. Wake,,"",2022-11-29T17:23:08Z,"",COORDINATE_ROUNDED;COORDINATE_REPROJECTED;INSTITUTION_MATCH_FUZZY;COLLECTION_MATCH_FUZZY,312,ID: 312
1145497966,09c4287e-e6d5-4552-a07f-bff8a00833d8,http://arctos.database.museum/guid/MVZ:Herp:191068?seid=1601657,Animalia,Chordata,Squamata,,Anguidae,Abronia,Abronia graminea,,SPECIES,"Abronia graminea (Cope, 1864)",Abronia graminea,"",MX,forest W of La Joya,Veracruz,PRESENT,,8edbbde0-055e-11d8-b850-b8a03c50a862,19.615,-97.031667,300,,2125,0,,,1982-08-28T00:00:00Z,28,8,1982,5226604,5226604,PRESERVED_SPECIMEN,MVZ,Herp,MVZ:Herp:191068,314,"Museum of Vertebrate Zoology, University of California, Berkeley",1999-01-27T00:00:00Z,CC0_1_0,"","Collector(s): David M. Darda, Stanley K. Sessions",,"",2022-11-29T17:23:20Z,"",COORDINATE_ROUNDED;GEODETIC_DATUM_INVALID;GEODETIC_DATUM_ASSUMED_WGS84;INSTITUTION_MATCH_FUZZY;COLLECTION_MATCH_FUZZY,313,ID: 313
1145448982,09c4287e-e6d5-4552-a07f-bff8a00833d8,http://arctos.database.museum/guid/MVZ:Herp:146942?seid=1106107,Animalia,Chordata,Squamata,,Anguidae,Abronia,Abronia graminea,,SPECIES,"Abronia graminea (Cope, 1864)",Abronia graminea,"",MX,"4.2 mi W [by Mexico Rte. 150] Acultzingo, then E by dirt road 0.5 mi",Veracruz,PRESENT,,8edbbde0-055e-11d8-b850-b8a03c50a862,18.6901021403373,-97.3358916294954,2385,,,,,,1977-07-11T00:00:00Z,11,7,1977,5226604,5226604,PRESERVED_SPECIMEN,MVZ,Herp,MVZ:Herp:146942,1058,"Museum of Vertebrate Zoology, University of California, Berkeley",1999-01-27T00:00:00Z,CC0_1_0,"",Collector(s): John E. Cadle,,"",2022-11-29T17:23:33Z,"",COORDINATE_ROUNDED;COORDINATE_REPROJECTED;INSTITUTION_MATCH_FUZZY;COLLECTION_MATCH_FUZZY,314,ID: 314
1145448968,09c4287e-e6d5-4552-a07f-bff8a00833d8,http://arctos.database.museum/guid/MVZ:Herp:146943?seid=998911,Animalia,Chordata,Squamata,,Anguidae,Abronia,Abronia graminea,,SPECIES,"Abronia graminea (Cope, 1864)",Abronia graminea,"",MX,"4.2 mi W [by Mexico Rte. 150] Acultzingo, then E by dirt road 0.5 mi",Veracruz,PRESENT,,8edbbde0-055e-11d8-b850-b8a03c50a862,18.6901021403373,-97.3358916294954,2385,,,,,,1977-07-11T00:00:00Z,11,7,1977,5226604,5226604,PRESERVED_SPECIMEN,MVZ,Herp,MVZ:Herp:146943,1059,"Museum of Vertebrate Zoology, University of California, Berkeley",1999-01-27T00:00:00Z,CC0_1_0,"",Collector(s): John E. Cadle,,"",2022-11-29T17:23:13Z,"",COORDINATE_ROUNDED;COORDINATE_REPROJECTED;INSTITUTION_MATCH_FUZZY;COLLECTION_MATCH_FUZZY,315,ID: 315
1145448927,09c4287e-e6d5-4552-a07f-bff8a00833d8,http://arctos.database.museum/guid/MVZ:Herp:146941?seid=662165,Animalia,Chordata,Squamata,,Anguidae,Abronia,Abronia graminea,,SPECIES,"Abronia graminea (Cope, 1864)",Abronia graminea,"",MX,4.2 mi W [by Mexico Rte. 150] Acultzingo then E by Dird Rd. 0.5 mi,Veracruz,PRESENT,,8edbbde0-055e-11d8-b850-b8a03c50a862,18.6901021403373,-97.3358916294954,2385,,,,,,1977-07-11T00:00:00Z,11,7,1977,5226604,5226604,PRESERVED_SPECIMEN,MVZ,Herp,MVZ:Herp:146941,1057,"Museum of Vertebrate Zoology, University of California, Berkeley",1999-01-27T00:00:00Z,CC0_1_0,"",Collector(s): John E. Cadle,,"",2022-11-29T17:23:29Z,"",COORDINATE_ROUNDED;COORDINATE_REPROJECTED;INSTITUTION_MATCH_FUZZY;COLLECTION_MATCH_FUZZY,316,ID: 316
1145438000,09c4287e-e6d5-4552-a07f-bff8a00833d8,http://arctos.database.museum/guid/MVZ:Herp:137081?seid=29774,Animalia,Chordata,Squamata,,Anguidae,Abronia,Abronia graminea,,SPECIES,"Abronia graminea (Cope, 1864)",Abronia graminea,"",MX,"forest along dirt road 0.8 km S Mexico Hwy. 150, at Puerto del Aire",Veracruz,PRESENT,,8edbbde0-055e-11d8-b850-b8a03c50a862,18.6901021305946,-97.3392257084234,1522,,2325,0,,,1976-02-01T00:00:00Z,1,2,1976,5226604,5226604,PRESERVED_SPECIMEN,MVZ,Herp,MVZ:Herp:137081,M-2984,"Museum of Vertebrate Zoology, University of California, Berkeley",1999-01-27T00:00:00Z,CC0_1_0,"","Collector(s): H. Bradley Shaffer, James Hanken",,"",2022-11-29T17:23:25Z,"",COORDINATE_ROUNDED;COORDINATE_REPROJECTED;INSTITUTION_MATCH_FUZZY;COLLECTION_MATCH_FUZZY,317,ID: 317
1145430137,09c4287e-e6d5-4552-a07f-bff8a00833d8,http://arctos.database.museum/guid/MVZ:Herp:130000?seid=884083,Animalia,Chordata,Squamata,,Anguidae,Abronia,Abronia graminea,,SPECIES,"Abronia graminea (Cope, 1864)",Abronia graminea,"",MX,Cumbres de Acultzingo [just S Puerto del Aire],Veracruz,PRESENT,,8edbbde0-055e-11d8-b850-b8a03c50a862,18.711111,-97.345278,1042,,2438,0,,,1974-01-01T00:00:00Z,1,1,1974,5226604,5226604,PRESERVED_SPECIMEN,MVZ,Herp,MVZ:Herp:130000,"","Museum of Vertebrate Zoology, University of California, Berkeley",1999-01-27T00:00:00Z,CC0_1_0,"",Collector(s): James F. Lynch,,"",2022-11-29T17:23:27Z,"",COORDINATE_ROUNDED;INSTITUTION_MATCH_FUZZY;COLLECTION_MATCH_FUZZY,318,ID: 318
1145413139,09c4287e-e6d5-4552-a07f-bff8a00833d8,http://arctos.database.museum/guid/MVZ:Herp:114710?seid=1620569,Animalia,Chordata,Squamata,,Anguidae,Abronia,Abronia graminea,,SPECIES,"Abronia graminea (Cope, 1864)",Abronia graminea,"",MX,"La Joya, vicinity of Mexico Hwy. 140",Veracruz,PRESENT,,8edbbde0-055e-11d8-b850-b8a03c50a862,19.6114488008674,-97.0272762951915,1292,,,,,,1974-01-18T00:00:00Z,18,1,1974,5226604,5226604,PRESERVED_SPECIMEN,MVZ,Herp,MVZ:Herp:114710,M-1609,"Museum of Vertebrate Zoology, University of California, Berkeley",1999-01-27T00:00:00Z,CC0_1_0,"",Collector(s): James F. Lynch,,"",2022-11-29T17:23:18Z,"",COORDINATE_ROUNDED;COORDINATE_REPROJECTED;INSTITUTION_MATCH_FUZZY;COLLECTION_MATCH_FUZZY,319,ID: 319
1145409238,09c4287e-e6d5-4552-a07f-bff8a00833d8,http://arctos.database.museum/guid/MVZ:Herp:111213?seid=1081226,Animalia,Chordata,Squamata,,Anguidae,Abronia,Abronia graminea,,SPECIES,"Abronia graminea (Cope, 1864)",Abronia graminea,"",MX,"1 km W town of La Joya, off Hwy. 140 NW of Jalapa-Enríquez",Veracruz,PRESENT,,8edbbde0-055e-11d8-b850-b8a03c50a862,19.6111717819439,-97.0381105518999,2542,,,,,,1972-12-18T00:00:00Z,18,12,1972,5226604,5226604,PRESERVED_SPECIMEN,MVZ,Herp,MVZ:Herp:111213,7425,"Museum of Vertebrate Zoology, University of California, Berkeley",1999-01-27T00:00:00Z,CC0_1_0,"","Collector(s): Samuel S. Sweet, Theodore J. Papenfuss",,"",2022-11-29T17:23:35Z,"",COORDINATE_ROUNDED;COORDINATE_REPROJECTED;INSTITUTION_MATCH_FUZZY;COLLECTION_MATCH_FUZZY,320,ID: 320
1145404288,09c4287e-e6d5-4552-a07f-bff8a00833d8,http://arctos.database.museum/guid/MVZ:Herp:106763?seid=125896,Animalia,Chordata,Squamata,,Anguidae,Abronia,Abronia graminea,,SPECIES,"Abronia graminea (Cope, 1864)",Abronia graminea,"",MX,Puerto del Aire,Veracruz,PRESENT,,8edbbde0-055e-11d8-b850-b8a03c50a862,18.699722,-97.338056,1172,,,,,,1973-01-01T00:00:00Z,1,1,1973,5226604,5226604,PRESERVED_SPECIMEN,MVZ,Herp,MVZ:Herp:106763,7879,"Museum of Vertebrate Zoology, University of California, Berkeley",1999-01-27T00:00:00Z,CC0_1_0,"",Collector(s): Theodore J. Papenfuss,,"",2022-11-29T17:23:12Z,"",COORDINATE_ROUNDED;INSTITUTION_MATCH_FUZZY;COLLECTION_MATCH_FUZZY,321,ID: 321
1145404265,09c4287e-e6d5-4552-a07f-bff8a00833d8,http://arctos.database.museum/guid/MVZ:Herp:106764?seid=646309,Animalia,Chordata,Squamata,,Anguidae,Abronia,Abronia graminea,,SPECIES,"Abronia graminea (Cope, 1864)",Abronia graminea,"",MX,Puerto del Aire,Veracruz,PRESENT,,8edbbde0-055e-11d8-b850-b8a03c50a862,18.699722,-97.338056,1172,,,,,,1973-01-01T00:00:00Z,1,1,1973,5226604,5226604,PRESERVED_SPECIMEN,MVZ,Herp,MVZ:Herp:106764,7880,"Museum of Vertebrate Zoology, University of California, Berkeley",1999-01-27T00:00:00Z,CC0_1_0,"",Collector(s): Theodore J. Papenfuss,,"",2022-11-29T17:23:12Z,"",COORDINATE_ROUNDED;INSTITUTION_MATCH_FUZZY;COLLECTION_MATCH_FUZZY,322,ID: 322
1145403865,09c4287e-e6d5-4552-a07f-bff8a00833d8,http://arctos.database.museum/guid/MVZ:Herp:106322?seid=234876,Animalia,Chordata,Squamata,,Anguidae,Abronia,Abronia graminea,,SPECIES,"Abronia graminea (Cope, 1864)",Abronia graminea,"",MX,E edge of town of La Joya (in bromeliads),Veracruz,PRESENT,,8edbbde0-055e-11d8-b850-b8a03c50a862,19.6114488008674,-97.0272762951915,1292,,,,,,1972-12-18T00:00:00Z,18,12,1972,5226604,5226604,PRESERVED_SPECIMEN,MVZ,Herp,MVZ:Herp:106322,7419,"Museum of Vertebrate Zoology, University of California, Berkeley",1999-01-27T00:00:00Z,CC0_1_0,"",Collector(s): Samuel S. Sweet,,"",2022-11-29T17:23:27Z,"",COORDINATE_ROUNDED;COORDINATE_REPROJECTED;INSTITUTION_MATCH_FUZZY;COLLECTION_MATCH_FUZZY,323,ID: 323
1145403847,09c4287e-e6d5-4552-a07f-bff8a00833d8,http://arctos.database.museum/guid/MVZ:Herp:106323?seid=769444,Animalia,Chordata,Squamata,,Anguidae,Abronia,Abronia graminea,,SPECIES,"Abronia graminea (Cope, 1864)",Abronia graminea,"",MX,E edge of town of La Joya (in bromeliads),Veracruz,PRESENT,,8edbbde0-055e-11d8-b850-b8a03c50a862,19.6114488008674,-97.0272762951915,1292,,,,,,1972-12-18T00:00:00Z,18,12,1972,5226604,5226604,PRESERVED_SPECIMEN,MVZ,Herp,MVZ:Herp:106323,7420,"Museum of Vertebrate Zoology, University of California, Berkeley",1999-01-27T00:00:00Z,CC0_1_0,"",Collector(s): Samuel S. Sweet,,"",2022-11-29T17:23:12Z,"",COORDINATE_ROUNDED;COORDINATE_REPROJECTED;INSTITUTION_MATCH_FUZZY;COLLECTION_MATCH_FUZZY,324,ID: 324
1145403799,09c4287e-e6d5-4552-a07f-bff8a00833d8,http://arctos.database.museum/guid/MVZ:Herp:106324?seid=1370484,Animalia,Chordata,Squamata,,Anguidae,Abronia,Abronia graminea,,SPECIES,"Abronia graminea (Cope, 1864)",Abronia graminea,"",MX,E edge of town of La Joya (in bromeliads),Veracruz,PRESENT,,8edbbde0-055e-11d8-b850-b8a03c50a862,19.6114488008674,-97.0272762951915,1292,,,,,,1972-12-18T00:00:00Z,18,12,1972,5226604,5226604,PRESERVED_SPECIMEN,MVZ,Herp,MVZ:Herp:106324,7421,"Museum of Vertebrate Zoology, University of California, Berkeley",1999-01-27T00:00:00Z,CC0_1_0,"",Collector(s): Samuel S. Sweet,,"",2022-11-29T17:23:35Z,"",COORDINATE_ROUNDED;COORDINATE_REPROJECTED;INSTITUTION_MATCH_FUZZY;COLLECTION_MATCH_FUZZY,325,ID: 325
1145403770,09c4287e-e6d5-4552-a07f-bff8a00833d8,http://arctos.database.museum/guid/MVZ:Herp:106325?seid=862462,Animalia,Chordata,Squamata,,Anguidae,Abronia,Abronia graminea,,SPECIES,"Abronia graminea (Cope, 1864)",Abronia graminea,"",MX,E edge of town of La Joya (in bromeliads),Veracruz,PRESENT,,8edbbde0-055e-11d8-b850-b8a03c50a862,19.6114488008674,-97.0272762951915,1292,,,,,,1972-12-18T00:00:00Z,18,12,1972,5226604,5226604,PRESERVED_SPECIMEN,MVZ,Herp,MVZ:Herp:106325,7422,"Museum of Vertebrate Zoology, University of California, Berkeley",1999-01-27T00:00:00Z,CC0_1_0,"",Collector(s): Samuel S. Sweet,,"",2022-11-29T17:23:28Z,"",COORDINATE_ROUNDED;COORDINATE_REPROJECTED;INSTITUTION_MATCH_FUZZY;COLLECTION_MATCH_FUZZY,326,ID: 326
812636371,8eddc200-f535-4c65-9b4d-f723eafe607e,urn:catalog:PSM:Herp:Herp-10273,Animalia,Chordata,Squamata,,Anguidae,Abronia,Abronia graminea,,SPECIES,"Abronia graminea (Cope, 1864)",Abronia graminea,"",MX,Orizaba,Veracruz,PRESENT,,f56c5f80-055c-11d8-b84e-b8a03c50a862,18.8506512242782,-97.103355637267,,,,,,,1998-05-21T00:00:00Z,21,5,1998,5226604,5226604,PRESERVED_SPECIMEN,PSM,Herp,Herp-10273,"","",,CC0_1_0,"","DeGrauw, E.",,Native,2022-11-25T07:49:40Z,"",COORDINATE_ROUNDED;COORDINATE_REPROJECTED;INSTITUTION_MATCH_FUZZY;INSTITUTION_COLLECTION_MISMATCH,332,ID: 332
657469674,7a25f7aa-03fb-4322-aaeb-66719e1a9527,b1aaa202-e45e-448f-ac56-7067a3b9a3f1,Animalia,Chordata,Squamata,,Anguidae,Abronia,Abronia graminea,,SPECIES,"Abronia graminea (Cope, 1864)",Abronia graminea,"",MX,0.5 mi. S Puerto del Aire,Veracruz,PRESENT,1,493fe050-055d-11d8-b84f-b8a03c50a862,18.7006576475711,-97.3333886042029,,,,,,,1971-08-28T00:00:00Z,28,8,1971,5226604,5226604,PRESERVED_SPECIMEN,LACM,Herps,127178,"","",,CC0_1_0,"",JW Wright Ceron,,Native,2022-11-25T06:26:44Z,"",COORDINATE_REPROJECTED;COLLECTION_MATCH_FUZZY,387,ID: 387
657469673,7a25f7aa-03fb-4322-aaeb-66719e1a9527,46fb8638-56ea-472c-8e0a-a23d7d0b8077,Animalia,Chordata,Squamata,,Anguidae,Abronia,Abronia graminea,,SPECIES,"Abronia graminea (Cope, 1864)",Abronia graminea,"",MX,0.5 mi. S Puerto del Aire,Veracruz,PRESENT,1,493fe050-055d-11d8-b84f-b8a03c50a862,18.7006576475711,-97.3333886042029,,,,,,,1971-08-28T00:00:00Z,28,8,1971,5226604,5226604,PRESERVED_SPECIMEN,LACM,Herps,127177,"","",,CC0_1_0,"",JW Wright Ceron,,Native,2022-11-25T06:26:36Z,"",COORDINATE_REPROJECTED;COLLECTION_MATCH_FUZZY,388,ID: 388
657464664,7a25f7aa-03fb-4322-aaeb-66719e1a9527,09352480-648a-45e5-a7e9-624414b71406,Animalia,Chordata,Squamata,,Anguidae,Abronia,Abronia graminea,,SPECIES,"Abronia graminea (Cope, 1864)",Abronia graminea,"",MX,3.2 km S. of Mex Hwy 150 at Puerto del Aire,Veracruz,PRESENT,1,493fe050-055d-11d8-b84f-b8a03c50a862,18.6806586048673,-97.3300584610309,,,,,,,1976-02-01T00:00:00Z,1,2,1976,5226604,5226604,PRESERVED_SPECIMEN,LACM,Herps,122493,M2979,"",,CC0_1_0,"","",,Native,2022-11-25T06:26:32Z,"",COORDINATE_REPROJECTED;COLLECTION_MATCH_FUZZY,389,ID: 389
657464663,7a25f7aa-03fb-4322-aaeb-66719e1a9527,3547fd00-b3ac-46dc-84a6-c8e962840d47,Animalia,Chordata,Squamata,,Anguidae,Abronia,Abronia graminea,,SPECIES,"Abronia graminea (Cope, 1864)",Abronia graminea,"",MX,0.5 mi. S Puerto del Aire,Veracruz,PRESENT,1,493fe050-055d-11d8-b84f-b8a03c50a862,18.7006576475711,-97.3333886042029,,,,,,,1976-02-01T00:00:00Z,1,2,1976,5226604,5226604,PRESERVED_SPECIMEN,LACM,Herps,122492,M2983,"",,CC0_1_0,"","",,Native,2022-11-25T06:26:36Z,"",COORDINATE_REPROJECTED;COLLECTION_MATCH_FUZZY,390,ID: 390
657464662,7a25f7aa-03fb-4322-aaeb-66719e1a9527,2b45ae5a-36aa-4410-bb3f-f7d0b105a702,Animalia,Chordata,Squamata,,Anguidae,Abronia,Abronia graminea,,SPECIES,"Abronia graminea (Cope, 1864)",Abronia graminea,"",MX,0.5 mi. S Puerto del Aire,Veracruz,PRESENT,1,493fe050-055d-11d8-b84f-b8a03c50a862,18.7006576475711,-97.3333886042029,,,,,,,1976-02-01T00:00:00Z,1,2,1976,5226604,5226604,PRESERVED_SPECIMEN,LACM,Herps,122491,M2982,"",,CC0_1_0,"","",,Native,2022-11-25T06:26:35Z,"",COORDINATE_REPROJECTED;COLLECTION_MATCH_FUZZY,391,ID: 391
657464661,7a25f7aa-03fb-4322-aaeb-66719e1a9527,6140886b-d965-4919-b3bd-36ee7195c296,Animalia,Chordata,Squamata,,Anguidae,Abronia,Abronia graminea,,SPECIES,"Abronia graminea (Cope, 1864)",Abronia graminea,"",MX,0.5 mi. S Puerto del Aire,Veracruz,PRESENT,1,493fe050-055d-11d8-b84f-b8a03c50a862,18.7006576475711,-97.3333886042029,,,,,,,1976-02-01T00:00:00Z,1,2,1976,5226604,5226604,PRESERVED_SPECIMEN,LACM,Herps,122490,M2981,"",,CC0_1_0,"","",,Native,2022-11-25T06:26:38Z,"",COORDINATE_REPROJECTED;COLLECTION_MATCH_FUZZY,392,ID: 392
657464660,7a25f7aa-03fb-4322-aaeb-66719e1a9527,59b3d5c8-29e5-4d80-86d8-e3634e218396,Animalia,Chordata,Squamata,,Anguidae,Abronia,Abronia graminea,,SPECIES,"Abronia graminea (Cope, 1864)",Abronia graminea,"",MX,0.5 mi. S Puerto del Aire,Veracruz,PRESENT,1,493fe050-055d-11d8-b84f-b8a03c50a862,18.7006576475711,-97.3333886042029,,,,,,,1976-02-01T00:00:00Z,1,2,1976,5226604,5226604,PRESERVED_SPECIMEN,LACM,Herps,122489,M2980,"",,CC0_1_0,"","",,Native,2022-11-25T06:26:18Z,"",COORDINATE_REPROJECTED;COLLECTION_MATCH_FUZZY,393,ID: 393
657452217,7a25f7aa-03fb-4322-aaeb-66719e1a9527,75cb1d78-3d63-46e6-b25d-390a40b59334,Animalia,Chordata,Squamata,,Anguidae,Abronia,Abronia graminea,,SPECIES,"Abronia graminea (Cope, 1864)",Abronia graminea,"",MX,"La Joya, Mex Hwy 140",Veracruz,PRESENT,1,493fe050-055d-11d8-b84f-b8a03c50a862,19.6089458992771,-97.0333844322499,,,,,,,1974-01-18T00:00:00Z,18,1,1974,5226604,5226604,PRESERVED_SPECIMEN,LACM,Herps,109959,"","",,CC0_1_0,"",J. Lynch,,Native,2022-11-25T06:26:20Z,"",COORDINATE_REPROJECTED;COLLECTION_MATCH_FUZZY,394,ID: 394
657451448,7a25f7aa-03fb-4322-aaeb-66719e1a9527,cddc3492-6287-4b81-b414-89084d5ac364,Animalia,Chordata,Squamata,,Anguidae,Abronia,Abronia graminea,,SPECIES,"Abronia graminea (Cope, 1864)",Abronia graminea,"",MX,"La Joya, Mex Hwy 140",Veracruz,PRESENT,1,493fe050-055d-11d8-b84f-b8a03c50a862,19.6089458992771,-97.0333844322499,,,,,,,1974-01-18T00:00:00Z,18,1,1974,5226604,5226604,PRESERVED_SPECIMEN,LACM,Herps,109265,KC 675,"",,CC0_1_0,"",J. Lynch,,Native,2022-11-25T06:26:45Z,"",COORDINATE_REPROJECTED;COLLECTION_MATCH_FUZZY,395,ID: 395
657451446,7a25f7aa-03fb-4322-aaeb-66719e1a9527,dd0e6cd1-1441-45b6-a701-6e72a135af14,Animalia,Chordata,Squamata,,Anguidae,Abronia,Abronia graminea,,SPECIES,"Abronia graminea (Cope, 1864)",Abronia graminea,"",MX,0.5 mi. S Puerto del Aire,Veracruz,PRESENT,1,493fe050-055d-11d8-b84f-b8a03c50a862,18.7006576475711,-97.3333886042029,,,,,,,1969-01-17T00:00:00Z,17,1,1969,5226604,5226604,PRESERVED_SPECIMEN,LACM,Herps,109263,KC 71,"",,CC0_1_0,"",RW McDiarmid,,Native,2022-11-25T06:26:28Z,"",COORDINATE_REPROJECTED;COLLECTION_MATCH_FUZZY,396,ID: 396
657417683,7a25f7aa-03fb-4322-aaeb-66719e1a9527,d2d1d41c-19fc-4015-ba1c-f795c3fa7088,Animalia,Chordata,Squamata,,Anguidae,Abronia,Abronia graminea,,SPECIES,"Abronia graminea (Cope, 1864)",Abronia graminea,"",MX,0.5 mi. S Puerto del Aire,Veracruz,PRESENT,1,493fe050-055d-11d8-b84f-b8a03c50a862,18.7006576475711,-97.3333886042029,,,,,,,1971-08-29T00:00:00Z,29,8,1971,5226604,5226604,PRESERVED_SPECIMEN,LACM,Herps,75510,"","",,CC0_1_0,"",Ceron & Wright,,Native,2022-11-25T06:26:27Z,"",COORDINATE_REPROJECTED;COLLECTION_MATCH_FUZZY,397,ID: 397
657417682,7a25f7aa-03fb-4322-aaeb-66719e1a9527,c1302d20-eaa8-4485-b730-a627ab35565c,Animalia,Chordata,Squamata,,Anguidae,Abronia,Abronia graminea,,SPECIES,"Abronia graminea (Cope, 1864)",Abronia graminea,"",MX,0.5 mi. S Puerto del Aire,Veracruz,PRESENT,1,493fe050-055d-11d8-b84f-b8a03c50a862,18.7006576475711,-97.3333886042029,,,,,,,1971-08-28T00:00:00Z,28,8,1971,5226604,5226604,PRESERVED_SPECIMEN,LACM,Herps,75509,"","",,CC0_1_0,"",Ceron & Wright,,Native,2022-11-25T06:26:44Z,"",COORDINATE_REPROJECTED;COLLECTION_MATCH_FUZZY,398,ID: 398
657417681,7a25f7aa-03fb-4322-aaeb-66719e1a9527,ae807214-2329-455e-baf2-d99ec8acce4c,Animalia,Chordata,Squamata,,Anguidae,Abronia,Abronia graminea,,SPECIES,"Abronia graminea (Cope, 1864)",Abronia graminea,"",MX,0.5 mi. S Puerto del Aire,Veracruz,PRESENT,1,493fe050-055d-11d8-b84f-b8a03c50a862,18.7006576475711,-97.3333886042029,,,,,,,1971-08-29T00:00:00Z,29,8,1971,5226604,5226604,PRESERVED_SPECIMEN,LACM,Herps,75508,"","",,CC0_1_0,"",Ceron & Wright,,Native,2022-11-25T06:26:25Z,"",COORDINATE_REPROJECTED;COLLECTION_MATCH_FUZZY,399,ID: 399
657417680,7a25f7aa-03fb-4322-aaeb-66719e1a9527,f484b262-1a18-41d2-8892-596841e022a2,Animalia,Chordata,Squamata,,Anguidae,Abronia,Abronia graminea,,SPECIES,"Abronia graminea (Cope, 1864)",Abronia graminea,"",MX,0.5 mi. S Puerto del Aire,Veracruz,PRESENT,1,493fe050-055d-11d8-b84f-b8a03c50a862,18.7006576475711,-97.3333886042029,,,,,,,1971-08-29T00:00:00Z,29,8,1971,5226604,5226604,PRESERVED_SPECIMEN,LACM,Herps,75507,"","",,CC0_1_0,"",Ceron & Wright,,Native,2022-11-25T06:26:47Z,"",COORDINATE_REPROJECTED;COLLECTION_MATCH_FUZZY,400,ID: 400
657410047,7a25f7aa-03fb-4322-aaeb-66719e1a9527,63106932-bae8-4435-a3cd-609d2bb47852,Animalia,Chordata,Squamata,,Anguidae,Abronia,Abronia graminea,,SPECIES,"Abronia graminea (Cope, 1864)",Abronia graminea,"",MX,"2 mi s. Puerto del Aire, SW Acultzingo",Veracruz,PRESENT,1,493fe050-055d-11d8-b84f-b8a03c50a862,18.6806585464269,-97.3500589344843,,,,,,,1970-04-03T00:00:00Z,3,4,1970,5226604,5226604,PRESERVED_SPECIMEN,LACM,Herps,67704,"","",,CC0_1_0,"",R.W. McDiarmid,,Native,2022-11-25T06:26:39Z,"",COORDINATE_REPROJECTED;COLLECTION_MATCH_FUZZY,401,ID: 401
657410046,7a25f7aa-03fb-4322-aaeb-66719e1a9527,76b6bb08-4a8f-4695-b684-ccba144f1c64,Animalia,Chordata,Squamata,,Anguidae,Abronia,Abronia graminea,,SPECIES,"Abronia graminea (Cope, 1864)",Abronia graminea,"",MX,4 mi. SE Puerto del Aire,Veracruz,PRESENT,1,493fe050-055d-11d8-b84f-b8a03c50a862,18.7006578033034,-97.2800573415369,,,,,,,1970-04-03T00:00:00Z,3,4,1970,5226604,5226604,PRESERVED_SPECIMEN,LACM,Herps,67703,"","",,CC0_1_0,"",R.W. McDiarmid,,Native,2022-11-25T06:26:19Z,"",COORDINATE_REPROJECTED;COLLECTION_MATCH_FUZZY,402,ID: 402
543723460,cece4fc2-1fec-4bb5-a335-7252548e3f0b,urn:catalog:CAS:SUR:16195,Animalia,Chordata,Squamata,,Anguidae,Abronia,Abronia graminea,,SPECIES,"Abronia graminea (Cope, 1864)",Abronia graminea,"",MX,"above Acultzingo, Cumbres",Veracruz,PRESENT,,66522820-055c-11d8-b84e-b8a03c50a862,18.700556,-97.336361,,,,,,,1941-01-01T00:00:00Z,,,1941,5226604,5226604,PRESERVED_SPECIMEN,CAS,SUR,16195,"","",,CC0_1_0,"","",,"",2022-11-29T16:27:50Z,StillImage,COORDINATE_ROUNDED,410,ID: 410
543723459,cece4fc2-1fec-4bb5-a335-7252548e3f0b,urn:catalog:CAS:SUR:16194,Animalia,Chordata,Squamata,,Anguidae,Abronia,Abronia graminea,,SPECIES,"Abronia graminea (Cope, 1864)",Abronia graminea,"",MX,"above Acultzingo, Cumbres",Veracruz,PRESENT,,66522820-055c-11d8-b84e-b8a03c50a862,18.700556,-97.336361,,,,,,,1941-01-01T00:00:00Z,,,1941,5226604,5226604,PRESERVED_SPECIMEN,CAS,SUR,16194,"","",,CC0_1_0,"","",,"",2022-11-29T16:27:50Z,StillImage,COORDINATE_ROUNDED,411,ID: 411
543486001,cece4fc2-1fec-4bb5-a335-7252548e3f0b,urn:catalog:CAS:HERP:140365,Animalia,Chordata,Squamata,,Anguidae,Abronia,Abronia graminea,,SPECIES,"Abronia graminea (Cope, 1864)",Abronia graminea,"",MX,Puerte del Aire,Veracruz,PRESENT,,66522820-055c-11d8-b84e-b8a03c50a862,18.700639,-97.336389,,,,,,,1973-12-22T00:00:00Z,22,12,1973,5226604,5226604,PRESERVED_SPECIMEN,CAS,HERP,140365,"","",,CC0_1_0,"",P.G. Haneline,,"",2022-11-29T16:28:04Z,StillImage,COORDINATE_ROUNDED,412,ID: 412
543485230,cece4fc2-1fec-4bb5-a335-7252548e3f0b,urn:catalog:CAS:HERP:139672,Animalia,Chordata,Squamata,,Anguidae,Abronia,Abronia graminea,,SPECIES,"Abronia graminea (Cope, 1864)",Abronia graminea,"",MX,Puerte del Aire,Veracruz,PRESENT,,66522820-055c-11d8-b84e-b8a03c50a862,18.700639,-97.336389,,,,,,,1973-12-22T00:00:00Z,22,12,1973,5226604,5226604,PRESERVED_SPECIMEN,CAS,HERP,139672,"","",,CC0_1_0,"",P.G. Haneline,,"",2022-11-29T16:27:42Z,StillImage,COORDINATE_ROUNDED,413,ID: 413
543484356,cece4fc2-1fec-4bb5-a335-7252548e3f0b,urn:catalog:CAS:HERP:138886,Animalia,Chordata,Squamata,,Anguidae,Abronia,Abronia graminea,,SPECIES,"Abronia graminea (Cope, 1864)",Abronia graminea,"",MX,Puerte del Aire,Veracruz,PRESENT,,66522820-055c-11d8-b84e-b8a03c50a862,18.700639,-97.336389,,,,,,,1973-12-22T00:00:00Z,22,12,1973,5226604,5226604,PRESERVED_SPECIMEN,CAS,HERP,138886,"","",,CC0_1_0,"",P.G. Haneline,,"",2022-11-29T16:27:54Z,StillImage,COORDINATE_ROUNDED,414,ID: 414
543480804,cece4fc2-1fec-4bb5-a335-7252548e3f0b,urn:catalog:CAS:HERP:135689,Animalia,Chordata,Squamata,,Anguidae,Abronia,Abronia graminea,,SPECIES,"Abronia graminea (Cope, 1864)",Abronia graminea,"",MX,La Joya (on Hwy 140),Veracruz,PRESENT,,66522820-055c-11d8-b84e-b8a03c50a862,19.6506139633374,-97.0333845685028,,,,,,,1972-12-18T00:00:00Z,18,12,1972,5226604,5226604,PRESERVED_SPECIMEN,CAS,HERP,135689,7528,"",,CC0_1_0,"",T.J. Papenfuss,,"",2022-11-29T16:27:55Z,StillImage,COORDINATE_REPROJECTED,415,ID: 415
